image,box_CxCyWH
000000497001.jpg,"[426.9342041015625, 163.4217529296875, 141.49252, 52.35771]"
000000497001.jpg,"[257.47900390625, 219.759521484375, 472.32654, 274.98688]"
000000497001.jpg,"[23.986007690429688, 129.17562866210938, 47.972015, 66.37188]"
000000497001.jpg,"[349.33331298828125, 134.99317932128906, 43.165985, 23.372383]"
000000497001.jpg,"[404.46112060546875, 129.8149871826172, 55.78961, 25.170937]"
000000497001.jpg,"[7.27305269241333, 338.10552978515625, 13.824071, 42.671417]"
000000497001.jpg,"[374.57159423828125, 132.12635803222656, 19.692719, 16.35028]"
000000497001.jpg,"[338.6453857421875, 119.14637756347656, 36.762543, 11.660912]"
000000497001.jpg,"[439.81829833984375, 128.5411834716797, 20.495575, 9.341064]"
000000497001.jpg,"[461.8883972167969, 131.27059936523438, 32.170593, 7.8361206]"
000000237685.jpg,"[476.71337890625, 396.5499267578125, 326.57324, 267.90396]"
000000237685.jpg,"[225.8712158203125, 320.5667724609375, 25.89299, 14.785309]"
000000237685.jpg,"[154.58908081054688, 321.41845703125, 33.3385, 25.756561]"
000000237685.jpg,"[196.7417755126953, 320.7008056640625, 33.81247, 19.7984]"
000000237685.jpg,"[113.8343505859375, 319.560791015625, 50.522285, 34.345734]"
000000237685.jpg,"[253.24224853515625, 316.9688415527344, 18.820541, 18.95044]"
000000204206.jpg,"[67.5524673461914, 270.1825256347656, 132.68544, 77.594284]"
000000366103.jpg,"[468.62060546875, 296.0157165527344, 341.97794, 118.75679]"
000000366103.jpg,"[92.63605499267578, 225.6506805419922, 185.27211, 137.23398]"
000000393634.jpg,"[631.3408203125, 297.8968200683594, 16.950989, 61.030884]"
000000393634.jpg,"[249.68971252441406, 285.3220520019531, 82.393036, 46.65753]"
000000393634.jpg,"[399.9752197265625, 301.45428466796875, 67.85666, 33.614136]"
000000431177.jpg,"[41.22087097167969, 234.66128540039062, 57.091476, 24.04277]"
000000431177.jpg,"[298.14984130859375, 239.42489624023438, 223.6212, 73.36401]"
000000431177.jpg,"[400.8822021484375, 246.7867431640625, 26.44345, 51.39424]"
000000232675.jpg,"[590.1060791015625, 357.8853759765625, 99.78784, 152.10104]"
000000232675.jpg,"[615.699951171875, 203.47286987304688, 48.600098, 36.38742]"
000000232675.jpg,"[491.225830078125, 289.1501770019531, 278.33548, 172.68953]"
000000461226.jpg,"[343.91937255859375, 161.44650268554688, 105.98956, 45.38643]"
000000461226.jpg,"[54.4291877746582, 192.1988525390625, 108.858376, 61.482407]"
000000461226.jpg,"[275.75823974609375, 164.18536376953125, 43.739716, 27.663498]"
000000461226.jpg,"[163.49061584472656, 162.5250701904297, 25.491028, 20.910034]"
000000461226.jpg,"[241.76036071777344, 169.7821502685547, 73.31052, 32.39859]"
000000461226.jpg,"[6.689535617828369, 175.59735107421875, 13.354611, 19.559158]"
000000461226.jpg,"[377.36077880859375, 161.80300903320312, 37.8461, 41.1205]"
000000461226.jpg,"[122.91517639160156, 166.8634490966797, 73.419334, 64.898865]"
000000461226.jpg,"[319.05865478515625, 162.8792266845703, 52.83319, 39.574005]"
000000461226.jpg,"[3.0539114475250244, 177.69374084472656, 6.107823, 19.430328]"
000000461226.jpg,"[218.28958129882812, 149.50074768066406, 16.678604, 8.717346]"
000000335041.jpg,"[450.11529541015625, 200.0816192626953, 42.110565, 23.308167]"
000000335041.jpg,"[560.6190795898438, 235.23245239257812, 155.84415, 89.33191]"
000000335041.jpg,"[341.26507568359375, 194.89041137695312, 22.714111, 18.014908]"
000000335041.jpg,"[485.71087646484375, 203.4897003173828, 60.6622, 27.36557]"
000000335041.jpg,"[309.2756042480469, 197.59393310546875, 48.879272, 23.031128]"
000000335041.jpg,"[51.58815383911133, 210.62437438964844, 103.17631, 102.69888]"
000000335041.jpg,"[355.47357177734375, 196.66848754882812, 9.522858, 9.712524]"
000000335041.jpg,"[284.578857421875, 196.07666015625, 42.474792, 30.52623]"
000000335041.jpg,"[330.680419921875, 198.9036407470703, 20.257416, 15.2153015]"
000000335041.jpg,"[295.69415283203125, 197.79290771484375, 26.310425, 23.201248]"
000000335041.jpg,"[399.85302734375, 198.41708374023438, 12.824341, 8.678162]"
000000335041.jpg,"[420.44976806640625, 199.1441192626953, 27.35495, 15.819092]"
000000466523.jpg,"[281.1895751953125, 225.6749267578125, 192.29851, 63.789932]"
000000466523.jpg,"[95.5819091796875, 221.5745391845703, 176.30304, 101.37369]"
000000466523.jpg,"[6.139819622039795, 195.2425994873047, 12.057364, 37.40097]"
000000466523.jpg,"[223.996337890625, 203.1708984375, 9.499191, 12.927689]"
000000466523.jpg,"[233.99757385253906, 203.19305419921875, 27.49939, 12.449371]"
000000393641.jpg,"[519.9976806640625, 174.15106201171875, 240.00464, 123.705734]"
000000268512.jpg,"[443.98077392578125, 173.6885986328125, 95.33414, 117.04018]"
000000268512.jpg,"[583.8687744140625, 163.41998291015625, 112.119934, 92.26981]"
000000268512.jpg,"[189.25177001953125, 176.87005615234375, 184.55939, 195.90932]"
000000268512.jpg,"[331.20166015625, 187.47650146484375, 121.103, 130.46559]"
000000268512.jpg,"[382.7919616699219, 176.5372314453125, 161.34125, 121.26106]"
000000038751.jpg,"[515.1052856445312, 182.4357452392578, 249.78943, 179.00394]"
000000038751.jpg,"[580.333740234375, 107.01190185546875, 117.15619, 45.435417]"
000000038751.jpg,"[302.1432800292969, 231.9797821044922, 583.46735, 387.43228]"
000000038751.jpg,"[594.0321044921875, 129.15380859375, 89.45599, 47.78695]"
000000038751.jpg,"[518.0787963867188, 97.62434387207031, 26.935669, 15.931717]"
000000038751.jpg,"[502.9318542480469, 129.12026977539062, 252.38458, 67.89171]"
000000494174.jpg,"[127.6596450805664, 126.34429931640625, 236.44289, 142.06888]"
000000494174.jpg,"[181.3157196044922, 250.31353759765625, 362.63144, 191.34697]"
000000494174.jpg,"[201.28221130371094, 103.75944519042969, 102.94971, 99.26704]"
000000498758.jpg,"[73.14576721191406, 211.84542846679688, 146.29153, 205.91382]"
000000265799.jpg,"[500.829833984375, 141.90219116210938, 278.34036, 133.36499]"
000000265799.jpg,"[32.94478225708008, 106.56163787841797, 65.889565, 49.95375]"
000000265799.jpg,"[304.2907409667969, 112.08148956298828, 13.893738, 13.594055]"
000000265799.jpg,"[430.29638671875, 109.85830688476562, 126.79895, 49.48536]"
000000265799.jpg,"[346.9013977050781, 113.63177490234375, 17.728638, 11.143761]"
000000265799.jpg,"[247.2980194091797, 112.55490112304688, 34.4299, 21.328102]"
000000265799.jpg,"[262.86981201171875, 106.44597625732422, 57.72896, 31.975906]"
000000265799.jpg,"[215.99337768554688, 107.26058197021484, 59.2881, 27.742294]"
000000265799.jpg,"[317.0370788574219, 220.4695587158203, 583.6125, 285.2332]"
000000201859.jpg,"[582.4103393554688, 291.27593994140625, 115.17932, 129.44374]"
000000201859.jpg,"[491.2054443359375, 227.17762756347656, 213.76392, 65.47183]"
000000201859.jpg,"[196.68463134765625, 216.469970703125, 86.82193, 34.56012]"
000000201859.jpg,"[363.8165283203125, 198.25650024414062, 21.669708, 20.85701]"
000000201859.jpg,"[281.02337646484375, 204.8092041015625, 26.211578, 23.305206]"
000000201859.jpg,"[180.92080688476562, 175.17477416992188, 14.084915, 6.837448]"
000000201859.jpg,"[310.7586669921875, 210.94772338867188, 17.661041, 20.447113]"
000000201859.jpg,"[149.3139190673828, 171.27537536621094, 16.677338, 10.19989]"
000000073163.jpg,"[130.16091918945312, 177.49996948242188, 43.39348, 14.28923]"
000000073163.jpg,"[535.2277221679688, 210.27362060546875, 183.13684, 56.13849]"
000000073163.jpg,"[156.6405029296875, 174.8978271484375, 32.55342, 14.152161]"
000000073163.jpg,"[71.97130584716797, 178.21859741210938, 21.583633, 12.864548]"
000000073163.jpg,"[604.7886962890625, 175.397705078125, 34.454346, 12.134247]"
000000073163.jpg,"[33.34859848022461, 185.2676239013672, 63.08573, 49.498108]"
000000073163.jpg,"[572.8321533203125, 176.6876220703125, 28.07367, 11.007019]"
000000073163.jpg,"[104.25860595703125, 175.6234130859375, 18.958534, 15.36647]"
000000073163.jpg,"[357.31298828125, 172.95367431640625, 20.042908, 6.596298]"
000000073163.jpg,"[620.281494140625, 174.284912109375, 21.401917, 10.415695]"
000000073163.jpg,"[268.1435852050781, 173.02481079101562, 19.257874, 8.828171]"
000000073163.jpg,"[202.47250366210938, 177.12960815429688, 26.325241, 15.403229]"
000000073163.jpg,"[284.5719299316406, 172.4381866455078, 11.864929, 6.991699]"
000000073163.jpg,"[244.99371337890625, 177.37928771972656, 12.570328, 6.6406555]"
000000073163.jpg,"[179.15032958984375, 173.14627075195312, 12.191925, 5.5684967]"
000000073163.jpg,"[265.75457763671875, 174.1220245361328, 36.667267, 11.904755]"
000000073163.jpg,"[166.1856689453125, 174.6309814453125, 14.503616, 12.555283]"
000000073163.jpg,"[284.150390625, 174.885009765625, 13.591644, 10.188202]"
000000073163.jpg,"[253.4635772705078, 172.35467529296875, 13.197113, 9.975189]"
000000073163.jpg,"[267.1918640136719, 175.79153442382812, 22.353577, 8.06044]"
000000073163.jpg,"[551.6017456054688, 176.71102905273438, 16.343506, 8.548035]"
000000166637.jpg,"[231.1939697265625, 331.3899841308594, 185.8517, 65.36145]"
000000166637.jpg,"[201.9091796875, 480.31243896484375, 403.81836, 302.7595]"
000000561126.jpg,"[416.57855224609375, 102.81546020507812, 70.597046, 36.77694]"
000000561126.jpg,"[573.8865966796875, 166.43264770507812, 132.22684, 107.73915]"
000000561126.jpg,"[474.1590270996094, 93.6256103515625, 74.190735, 46.35058]"
000000561126.jpg,"[592.9561767578125, 82.17539978027344, 37.101807, 22.91092]"
000000561126.jpg,"[518.4415283203125, 91.62762451171875, 64.862854, 37.094772]"
000000561126.jpg,"[326.06744384765625, 230.09739685058594, 520.2185, 297.6514]"
000000561126.jpg,"[553.968505859375, 91.54130554199219, 40.425415, 26.37835]"
000000561126.jpg,"[12.90780258178711, 105.20758819580078, 24.502586, 28.57077]"
000000561126.jpg,"[626.5438232421875, 80.00604248046875, 25.02832, 19.87687]"
000000561126.jpg,"[209.13148498535156, 90.57551574707031, 19.790222, 14.243202]"
000000561126.jpg,"[541.6334228515625, 92.09397888183594, 63.158234, 32.570045]"
000000561126.jpg,"[202.50755310058594, 92.35222625732422, 17.019348, 12.866989]"
000000561126.jpg,"[623.1475830078125, 91.09908294677734, 11.330994, 12.873291]"
000000561126.jpg,"[198.47531127929688, 90.75791931152344, 36.727295, 16.39518]"
000000036639.jpg,"[579.7778930664062, 204.15049743652344, 120.0647, 54.457916]"
000000036639.jpg,"[472.9790954589844, 199.1322021484375, 93.079285, 43.175217]"
000000036639.jpg,"[18.216320037841797, 186.83815002441406, 36.368088, 20.053009]"
000000036639.jpg,"[92.25633239746094, 191.65194702148438, 29.897453, 21.042282]"
000000036639.jpg,"[19.679704666137695, 354.8326110839844, 38.690372, 94.477356]"
000000036639.jpg,"[230.14788818359375, 265.7855224609375, 418.9093, 261.07977]"
000000465266.jpg,"[490.5729675292969, 308.9288635253906, 106.351135, 63.720642]"
000000068261.jpg,"[111.78648376464844, 270.5166320800781, 73.63852, 41.50232]"
000000068261.jpg,"[192.5379638671875, 264.9542236328125, 48.52043, 34.83313]"
000000068261.jpg,"[386.7489929199219, 244.51353454589844, 14.974731, 12.345398]"
000000068261.jpg,"[320.2398681640625, 252.3848419189453, 23.057465, 17.586884]"
000000068261.jpg,"[41.833133697509766, 275.6466369628906, 83.66627, 49.51172]"
000000068261.jpg,"[453.3602294921875, 247.80557250976562, 18.513672, 13.847992]"
000000068261.jpg,"[440.606201171875, 244.42469787597656, 15.306091, 13.00943]"
000000068261.jpg,"[267.60333251953125, 257.5400695800781, 21.345398, 21.829697]"
000000068261.jpg,"[483.69805908203125, 249.7021484375, 38.09497, 34.69786]"
000000068261.jpg,"[241.52923583984375, 257.30194091796875, 40.958206, 30.271011]"
000000068261.jpg,"[418.83074951171875, 245.40277099609375, 27.57727, 23.236877]"
000000068261.jpg,"[221.02197265625, 263.263916015625, 28.402695, 23.125671]"
000000068261.jpg,"[370.1170349121094, 246.074462890625, 11.2438965, 13.884659]"
000000068261.jpg,"[353.4888000488281, 245.47787475585938, 25.053894, 19.845322]"
000000068261.jpg,"[298.90057373046875, 253.0556182861328, 27.038055, 22.221283]"
000000068261.jpg,"[284.707275390625, 256.8775634765625, 21.366608, 20.529587]"
000000068261.jpg,"[397.4483642578125, 244.26124572753906, 9.693146, 10.616882]"
000000068261.jpg,"[291.0229797363281, 254.96932983398438, 15.994629, 20.827988]"
000000068261.jpg,"[400.6685791015625, 243.97976684570312, 6.0210876, 9.376953]"
000000039040.jpg,"[478.8361511230469, 300.03985595703125, 321.14276, 119.048874]"
000000106072.jpg,"[379.7627868652344, 247.55682373046875, 367.04706, 181.80724]"
000000106072.jpg,"[534.9844360351562, 141.45916748046875, 42.17566, 15.833481]"
000000106072.jpg,"[633.2857666015625, 147.19186401367188, 11.4401245, 6.622055]"
000000106072.jpg,"[609.1707763671875, 147.78250122070312, 8.625122, 4.3656464]"
000000106072.jpg,"[551.950927734375, 144.245361328125, 7.379944, 8.624954]"
000000337042.jpg,"[421.28033447265625, 308.6846923828125, 155.15817, 45.74112]"
000000337042.jpg,"[166.7701416015625, 259.95831298828125, 253.44073, 79.00902]"
000000337042.jpg,"[296.78863525390625, 233.84629821777344, 14.711334, 7.2366333]"
000000337042.jpg,"[219.06582641601562, 231.53338623046875, 15.461838, 10.871567]"
000000531614.jpg,"[286.0503234863281, 207.5293731689453, 538.2653, 216.50974]"
000000465537.jpg,"[235.9867706298828, 191.1947479248047, 471.97354, 333.68472]"
000000465537.jpg,"[426.12786865234375, 55.88040542602539, 107.74429, 110.38035]"
000000465537.jpg,"[239.0260772705078, 40.79499053955078, 155.16074, 80.06009]"
000000465537.jpg,"[38.96759033203125, 24.911094665527344, 77.027466, 35.93264]"
000000465537.jpg,"[84.42515563964844, 20.225257873535156, 52.036728, 20.785053]"
000000465537.jpg,"[87.19599151611328, 24.808792114257812, 47.63529, 11.517237]"
000000565797.jpg,"[322.4521789550781, 227.42965698242188, 609.35297, 419.1242]"
000000561570.jpg,"[161.8955535888672, 289.190185546875, 230.06381, 111.87186]"
000000561570.jpg,"[560.8896484375, 217.8004150390625, 26.235535, 22.906647]"
000000561570.jpg,"[297.53045654296875, 213.11746215820312, 8.517303, 6.3836823]"
000000561570.jpg,"[285.8735046386719, 219.40939331054688, 26.290405, 13.066345]"
000000561570.jpg,"[285.3274841308594, 215.1089324951172, 13.416931, 4.907898]"
000000204889.jpg,"[391.9128112792969, 223.38388061523438, 63.419434, 64.550735]"
000000204889.jpg,"[98.33528900146484, 217.78970336914062, 182.38274, 71.9633]"
000000204889.jpg,"[506.7319641113281, 250.9175567626953, 259.94684, 346.20474]"
000000204889.jpg,"[361.9420166015625, 193.81936645507812, 145.14499, 83.70218]"
000000234819.jpg,"[487.909912109375, 103.41937255859375, 125.34396, 86.75422]"
000000234819.jpg,"[589.8968505859375, 89.21468353271484, 99.26825, 91.618484]"
000000234819.jpg,"[541.956298828125, 63.845375061035156, 47.839294, 27.280605]"
000000461494.jpg,"[575.9962768554688, 391.1513671875, 125.885376, 147.98898]"
000000461494.jpg,"[75.71090698242188, 277.09490966796875, 58.523792, 55.2128]"
000000461494.jpg,"[62.14899444580078, 240.98973083496094, 25.170227, 22.06134]"
000000230712.jpg,"[365.4637451171875, 256.3658447265625, 66.1741, 48.000153]"
000000230712.jpg,"[120.61882781982422, 282.9647521972656, 241.23766, 143.99773]"
000000230712.jpg,"[254.582763671875, 249.15640258789062, 66.41846, 47.623337]"
000000230712.jpg,"[236.98736572265625, 240.23724365234375, 58.677353, 30.617783]"
000000230712.jpg,"[316.6459655761719, 250.04678344726562, 146.76479, 47.5636]"
000000230712.jpg,"[6.603760719299316, 248.570556640625, 13.207521, 20.151474]"
000000230712.jpg,"[189.37521362304688, 234.00558471679688, 29.799576, 13.964523]"
000000230712.jpg,"[6.567406177520752, 242.474853515625, 13.134812, 8.234787]"
000000230712.jpg,"[385.02777099609375, 253.04351806640625, 34.751434, 46.20459]"
000000230712.jpg,"[317.5875549316406, 250.52479553222656, 16.878784, 45.869965]"
000000335840.jpg,"[461.3562316894531, 284.17620849609375, 117.41864, 67.73256]"
000000329239.jpg,"[347.39691162109375, 148.1400146484375, 75.82797, 81.73894]"
000000329239.jpg,"[60.83030700683594, 138.18222045898438, 103.621, 89.85751]"
000000329239.jpg,"[240.66079711914062, 139.24093627929688, 175.30547, 129.4433]"
000000329239.jpg,"[500.257568359375, 136.77420043945312, 159.7045, 143.9625]"
000000201899.jpg,"[316.3902282714844, 294.49285888671875, 109.14197, 37.364197]"
000000201899.jpg,"[99.1347885131836, 301.9225158691406, 197.22133, 274.3553]"
000000201899.jpg,"[396.7170104980469, 283.7273864746094, 57.699524, 282.47168]"
000000201899.jpg,"[359.4806213378906, 284.130859375, 20.8219, 6.867523]"
000000169499.jpg,"[514.80859375, 182.11257934570312, 223.97327, 202.3614]"
000000169499.jpg,"[307.5857849121094, 228.074462890625, 495.85715, 296.10986]"
000000169499.jpg,"[261.86956787109375, 63.29491424560547, 18.694138, 33.787674]"
000000268251.jpg,"[131.08648681640625, 194.55984497070312, 114.506, 86.27478]"
000000268251.jpg,"[72.71015930175781, 279.63421630859375, 145.42032, 184.61226]"
000000268251.jpg,"[192.45559692382812, 172.38624572753906, 29.596756, 34.545013]"
000000268251.jpg,"[209.32968139648438, 156.34596252441406, 10.1783905, 12.013641]"
000000268251.jpg,"[195.09219360351562, 159.6253662109375, 27.463806, 15.261993]"
000000268251.jpg,"[192.1549072265625, 154.07337951660156, 26.700638, 7.9975586]"
000000068125.jpg,"[384.4344482421875, 307.6744384765625, 79.64804, 37.039886]"
000000068125.jpg,"[199.0802001953125, 344.863037109375, 194.96071, 83.02338]"
000000068125.jpg,"[577.1300048828125, 399.092529296875, 124.363525, 130.15091]"
000000068125.jpg,"[72.817138671875, 263.6264953613281, 46.311844, 18.832443]"
000000068125.jpg,"[385.1658935546875, 274.43585205078125, 19.485748, 13.114532]"
000000068125.jpg,"[405.24725341796875, 276.10174560546875, 17.109222, 13.451477]"
000000068125.jpg,"[433.47393798828125, 305.4382019042969, 10.450287, 27.936646]"
000000068125.jpg,"[206.19805908203125, 274.4765625, 276.51776, 126.27573]"
000000229478.jpg,"[63.12889099121094, 247.6727294921875, 125.70256, 85.23297]"
000000229478.jpg,"[214.87062072753906, 216.9958953857422, 50.098724, 47.722992]"
000000229478.jpg,"[29.378511428833008, 201.45083618164062, 58.543156, 36.73732]"
000000229478.jpg,"[73.43460083007812, 201.42617797851562, 14.343132, 10.895126]"
000000229478.jpg,"[58.328826904296875, 201.0245361328125, 19.628674, 8.906998]"
000000229478.jpg,"[344.1575927734375, 222.29783630371094, 272.66077, 388.99722]"
000000367409.jpg,"[32.191070556640625, 242.56924438476562, 13.105524, 9.421524]"
000000367409.jpg,"[76.18244934082031, 249.03448486328125, 6.0557327, 10.580032]"
000000367409.jpg,"[21.411094665527344, 238.80699157714844, 11.106425, 9.042389]"
000000367409.jpg,"[70.31050109863281, 246.75643920898438, 6.441147, 10.144913]"
000000367409.jpg,"[52.22486114501953, 241.8955535888672, 31.74936, 31.87149]"
000000367409.jpg,"[74.24115753173828, 247.58351135253906, 8.522278, 10.529022]"
000000367409.jpg,"[78.30674743652344, 249.04498291015625, 3.018547, 11.737259]"
000000524533.jpg,"[594.0685424804688, 368.69537353515625, 91.32385, 111.249084]"
000000524533.jpg,"[32.788028717041016, 276.51483154296875, 64.75088, 33.31317]"
000000532732.jpg,"[469.6195068359375, 140.5525665283203, 324.05606, 263.13687]"
000000532732.jpg,"[100.62882232666016, 26.115453720092773, 201.25764, 49.149197]"
000000559166.jpg,"[293.64215087890625, 323.3524475097656, 294.60165, 134.62402]"
000000559166.jpg,"[453.8338623046875, 396.80938720703125, 50.229706, 132.41727]"
000000559166.jpg,"[38.815208435058594, 270.61822509765625, 53.987564, 59.771698]"
000000559166.jpg,"[466.20758056640625, 316.79296875, 27.52414, 27.750275]"
000000559166.jpg,"[80.52241516113281, 281.94390869140625, 49.25988, 41.475525]"
000000200335.jpg,"[42.528560638427734, 241.14141845703125, 84.50819, 47.837357]"
000000200335.jpg,"[167.46768188476562, 201.92080688476562, 67.99841, 37.24196]"
000000200335.jpg,"[232.99330139160156, 224.63955688476562, 92.620575, 39.323074]"
000000200335.jpg,"[172.48452758789062, 177.15170288085938, 56.514694, 32.487442]"
000000200335.jpg,"[268.0915222167969, 97.96632385253906, 39.245773, 24.709702]"
000000200335.jpg,"[88.49748229980469, 131.53208923339844, 55.784935, 33.0343]"
000000200335.jpg,"[230.2584228515625, 98.43218994140625, 8.402725, 18.696938]"
000000200335.jpg,"[265.73358154296875, 80.33537292480469, 39.45726, 31.925255]"
000000466971.jpg,"[128.06304931640625, 289.3350524902344, 256.1261, 129.00966]"
000000035105.jpg,"[268.24615478515625, 166.08914184570312, 255.96048, 87.341194]"
000000035105.jpg,"[377.6408996582031, 173.2044219970703, 46.16394, 35.78479]"
000000435163.jpg,"[264.5086669921875, 574.6480712890625, 94.46268, 60.280396]"
000000435163.jpg,"[327.5127868652344, 572.248779296875, 52.041626, 42.20294]"
000000435163.jpg,"[362.434814453125, 562.9874877929688, 52.25595, 44.319214]"
000000435163.jpg,"[157.1468505859375, 597.004150390625, 126.84503, 49.430786]"
000000435163.jpg,"[421.678466796875, 562.0528564453125, 11.165131, 19.119446]"
000000131160.jpg,"[318.247802734375, 421.2117004394531, 119.48001, 11.409241]"
000000131160.jpg,"[101.86676025390625, 408.2479248046875, 30.6652, 10.345764]"
000000131160.jpg,"[539.447021484375, 398.60174560546875, 8.093323, 6.769989]"
000000131160.jpg,"[528.2861938476562, 398.02734375, 15.884399, 7.2333984]"
000000131160.jpg,"[215.96458435058594, 409.1109619140625, 12.296967, 8.11734]"
000000131160.jpg,"[158.96641540527344, 408.5548095703125, 31.710602, 11.0177]"
000000037771.jpg,"[500.5574035644531, 234.252685546875, 54.10614, 36.73268]"
000000037771.jpg,"[483.42401123046875, 219.4947509765625, 35.181732, 18.545975]"
000000037771.jpg,"[33.40338897705078, 252.63006591796875, 66.80678, 54.863876]"
000000037771.jpg,"[199.6680145263672, 240.573486328125, 90.4512, 54.04915]"
000000037771.jpg,"[455.492431640625, 218.97860717773438, 28.340576, 29.110077]"
000000037771.jpg,"[34.10502243041992, 233.01101684570312, 68.210045, 53.54393]"
000000037771.jpg,"[573.8395385742188, 216.43658447265625, 29.164795, 10.558701]"
000000037771.jpg,"[442.18389892578125, 345.8492126464844, 79.070404, 136.04645]"
000000037771.jpg,"[575.3935546875, 230.08042907714844, 32.894775, 35.17517]"
000000037771.jpg,"[572.2550048828125, 214.7965087890625, 25.492798, 5.7725983]"
000000037771.jpg,"[618.8424072265625, 213.08267211914062, 9.801025, 8.173935]"
000000037771.jpg,"[363.76287841796875, 343.4736022949219, 222.28207, 136.17682]"
000000172059.jpg,"[366.850830078125, 204.74102783203125, 253.3952, 129.99684]"
000000172059.jpg,"[319.15924072265625, 214.31414794921875, 11.524628, 7.7352448]"
000000172059.jpg,"[425.9493408203125, 117.13233947753906, 19.487823, 4.6884155]"
000000169360.jpg,"[381.3489990234375, 196.35140991210938, 228.04831, 123.041794]"
000000237324.jpg,"[126.6876220703125, 270.9979248046875, 62.00583, 82.38478]"
000000237324.jpg,"[234.3162841796875, 448.6568603515625, 401.09924, 370.08618]"
000000237324.jpg,"[165.94046020507812, 265.60198974609375, 39.371902, 57.0896]"
000000237324.jpg,"[240.3587188720703, 268.76690673828125, 55.703033, 19.608582]"
000000237324.jpg,"[285.57342529296875, 268.7384948730469, 139.45724, 24.735107]"
000000237324.jpg,"[229.60552978515625, 248.81753540039062, 28.0598, 26.040756]"
000000237324.jpg,"[184.86203002929688, 251.21469116210938, 41.71855, 32.39435]"
000000237324.jpg,"[210.12310791015625, 252.9130401611328, 24.638474, 38.37039]"
000000237324.jpg,"[324.88421630859375, 235.1853790283203, 13.767517, 8.606873]"
000000237324.jpg,"[301.00177001953125, 261.4477844238281, 104.63959, 32.61487]"
000000237324.jpg,"[264.9803771972656, 249.18182373046875, 17.977661, 8.020462]"
000000237324.jpg,"[324.24755859375, 269.251953125, 54.77542, 23.57013]"
000000303321.jpg,"[512.6364135742188, 344.94622802734375, 196.84277, 184.63602]"
000000303321.jpg,"[444.6767883300781, 382.4278564453125, 306.24384, 235.14267]"
000000433151.jpg,"[257.9419250488281, 607.8701171875, 138.80486, 49.68219]"
000000433151.jpg,"[374.5484619140625, 584.9921875, 77.27945, 110.015625]"
000000262747.jpg,"[291.5026550292969, 228.5472412109375, 436.9455, 309.12415]"
000000262747.jpg,"[560.525146484375, 153.9132843017578, 158.94968, 175.25848]"
000000262747.jpg,"[491.51275634765625, 86.60933685302734, 157.47855, 59.71284]"
000000262747.jpg,"[603.14453125, 68.60200500488281, 68.96179, 28.538631]"
000000170683.jpg,"[385.9518737792969, 504.9371337890625, 181.28577, 113.424164]"
000000170683.jpg,"[574.2858276367188, 452.84228515625, 129.88977, 76.71814]"
000000170683.jpg,"[214.38290405273438, 501.6423034667969, 190.77527, 113.70734]"
000000170683.jpg,"[31.673799514770508, 445.6409912109375, 63.3476, 58.444183]"
000000170683.jpg,"[432.7919921875, 443.436279296875, 160.2605, 67.861176]"
000000170683.jpg,"[122.88583374023438, 439.6112060546875, 137.06082, 48.179535]"
000000170683.jpg,"[243.16110229492188, 434.5302429199219, 94.9702, 57.97284]"
000000170683.jpg,"[16.96664047241211, 479.4128112792969, 33.259514, 55.39514]"
000000170683.jpg,"[115.43657684326172, 491.16009521484375, 99.72334, 97.15396]"
000000170683.jpg,"[22.486820220947266, 422.30828857421875, 43.659454, 11.570557]"
000000197807.jpg,"[77.20409393310547, 87.77378845214844, 46.94156, 50.214844]"
000000197807.jpg,"[475.07366943359375, 300.6349182128906, 319.20578, 355.56296]"
000000397628.jpg,"[422.94329833984375, 414.6988220214844, 125.04599, 49.24945]"
000000397628.jpg,"[332.4962158203125, 405.2041015625, 71.5571, 36.523743]"
000000397628.jpg,"[612.046630859375, 399.2850646972656, 55.204468, 52.552307]"
000000397628.jpg,"[237.7801513671875, 400.7490234375, 106.69798, 40.938812]"
000000066156.jpg,"[375.25885009765625, 210.22454833984375, 42.36917, 28.263718]"
000000066156.jpg,"[417.78192138671875, 212.26034545898438, 63.095123, 24.612442]"
000000066156.jpg,"[181.86270141601562, 244.0286102294922, 189.34198, 128.1229]"
000000066156.jpg,"[357.1354064941406, 239.90762329101562, 181.0711, 142.86658]"
000000104249.jpg,"[414.9031982421875, 141.5192413330078, 147.98941, 56.6836]"
000000104249.jpg,"[39.29878234863281, 136.0782470703125, 71.40172, 35.05078]"
000000104249.jpg,"[487.8316955566406, 146.7120361328125, 23.783936, 38.862114]"
000000104249.jpg,"[123.68812561035156, 140.10906982421875, 205.40335, 67.33947]"
000000104249.jpg,"[6.622365951538086, 135.62432861328125, 13.244732, 27.589638]"
000000104249.jpg,"[178.8345947265625, 199.98159790039062, 295.9641, 199.107]"
000000104249.jpg,"[76.36798858642578, 142.02471923828125, 118.46592, 60.198174]"
000000065643.jpg,"[263.41888427734375, 256.9203186035156, 158.3804, 44.729126]"
000000065643.jpg,"[19.709762573242188, 278.59063720703125, 39.419525, 71.076996]"
000000065643.jpg,"[41.978946685791016, 246.31149291992188, 54.955273, 24.106308]"
000000065643.jpg,"[159.01446533203125, 257.82623291015625, 124.76949, 43.858444]"
000000065643.jpg,"[206.21670532226562, 257.49932861328125, 292.59723, 36.89102]"
000000065643.jpg,"[180.58245849609375, 290.03155517578125, 114.13606, 79.93808]"
000000065643.jpg,"[381.0588073730469, 307.2975158691406, 266.27997, 150.86157]"
000000237201.jpg,"[352.8035888671875, 228.76983642578125, 510.89932, 207.5661]"
000000299932.jpg,"[98.19154357910156, 107.7393569946289, 144.06528, 62.738144]"
000000299932.jpg,"[18.416648864746094, 108.2032699584961, 36.833298, 60.168106]"
000000299932.jpg,"[579.786376953125, 99.82447814941406, 117.82776, 69.55899]"
000000299932.jpg,"[365.513427734375, 115.52175903320312, 40.849396, 42.037476]"
000000299932.jpg,"[582.0317993164062, 75.59300994873047, 114.16077, 31.32745]"
000000299932.jpg,"[187.74154663085938, 98.72380065917969, 43.05629, 27.991142]"
000000299932.jpg,"[189.38880920410156, 76.36875915527344, 33.116974, 20.13401]"
000000299932.jpg,"[167.16574096679688, 88.05206298828125, 21.66832, 13.675911]"
000000299932.jpg,"[154.980224609375, 110.89214324951172, 36.434525, 64.81889]"
000000168801.jpg,"[164.58743286132812, 200.85145568847656, 66.33681, 41.801697]"
000000168801.jpg,"[169.9847412109375, 187.97213745117188, 38.264114, 17.522507]"
000000168801.jpg,"[159.59048461914062, 212.38134765625, 34.45511, 23.819382]"
000000168801.jpg,"[334.95428466796875, 188.0478973388672, 9.536743, 4.5632324]"
000000168801.jpg,"[139.16506958007812, 174.72409057617188, 21.613815, 10.546646]"
000000168801.jpg,"[163.480712890625, 185.74847412109375, 26.647583, 12.388611]"
000000168801.jpg,"[236.49844360351562, 205.76419067382812, 23.87297, 12.88942]"
000000138022.jpg,"[546.3526000976562, 332.1794128417969, 29.651123, 25.490479]"
000000138022.jpg,"[304.7690124511719, 410.864013671875, 486.93915, 325.0331]"
000000233477.jpg,"[166.3421630859375, 329.6475830078125, 95.2644, 54.80008]"
000000233477.jpg,"[75.94092559814453, 337.70855712890625, 103.487045, 97.90488]"
000000140008.jpg,"[230.2816619873047, 254.89447021484375, 13.792816, 11.953201]"
000000140008.jpg,"[213.61700439453125, 265.865966796875, 19.639145, 12.991516]"
000000140008.jpg,"[223.73419189453125, 261.1521301269531, 13.778122, 11.141922]"
000000140008.jpg,"[239.60128784179688, 250.82765197753906, 9.071518, 11.164337]"
000000140008.jpg,"[323.5559387207031, 228.603759765625, 616.0577, 438.79248]"
000000140008.jpg,"[219.75411987304688, 264.7804260253906, 10.96669, 13.682983]"
000000140008.jpg,"[208.20687866210938, 269.837890625, 18.94049, 18.102936]"
000000140008.jpg,"[351.83966064453125, 264.3974304199219, 209.6591, 188.75862]"
000000140008.jpg,"[226.6839599609375, 258.3075256347656, 11.286453, 11.247864]"
000000140008.jpg,"[217.13865661621094, 262.2317810058594, 26.322632, 16.029068]"
000000140008.jpg,"[246.05662536621094, 249.83193969726562, 10.001801, 8.177658]"
000000140008.jpg,"[240.08836364746094, 254.1473846435547, 6.1881714, 6.241913]"
000000140008.jpg,"[232.6840057373047, 254.34085083007812, 26.507233, 14.721436]"
000000140008.jpg,"[213.98794555664062, 269.5908203125, 12.044968, 16.622742]"
000000140008.jpg,"[233.98118591308594, 251.908935546875, 17.893494, 10.139587]"
000000140008.jpg,"[202.97393798828125, 271.46356201171875, 22.345459, 23.318909]"
000000140008.jpg,"[237.61502075195312, 253.49398803710938, 8.590164, 9.466721]"
000000140008.jpg,"[226.91275024414062, 257.8525085449219, 22.19844, 17.759094]"
000000140008.jpg,"[223.17459106445312, 264.0910949707031, 10.970856, 12.191406]"
000000140008.jpg,"[233.90426635742188, 254.71900939941406, 8.898178, 10.294525]"
000000270799.jpg,"[343.1337890625, 303.3457336425781, 131.05154, 57.417603]"
000000270799.jpg,"[172.1065673828125, 259.5003662109375, 91.91674, 49.78131]"
000000270799.jpg,"[294.6305847167969, 255.7852020263672, 171.23955, 103.41342]"
000000270799.jpg,"[129.788818359375, 241.36892700195312, 23.88514, 22.81752]"
000000204217.jpg,"[589.6441650390625, 321.50042724609375, 98.92688, 115.44638]"
000000204217.jpg,"[115.06121826171875, 278.46923828125, 53.669884, 57.476913]"
000000204217.jpg,"[432.6295166015625, 319.4858703613281, 224.56345, 157.69914]"
000000204217.jpg,"[309.80731201171875, 263.7402648925781, 36.72049, 22.216293]"
000000204217.jpg,"[191.14309692382812, 261.5850524902344, 27.018402, 16.318466]"
000000204217.jpg,"[536.1107788085938, 275.942138671875, 15.794678, 19.104462]"
000000204217.jpg,"[281.0247802734375, 259.80450439453125, 25.793945, 12.102982]"
000000204217.jpg,"[339.91748046875, 260.04412841796875, 16.923248, 13.129242]"
000000204217.jpg,"[292.01226806640625, 259.2179870605469, 43.812836, 14.107788]"
000000428301.jpg,"[152.24485778808594, 332.3002624511719, 303.1241, 179.26747]"
000000428301.jpg,"[385.01611328125, 304.046630859375, 98.18298, 82.77142]"
000000428301.jpg,"[281.7500915527344, 323.568115234375, 140.11711, 194.11044]"
000000428301.jpg,"[578.2354125976562, 234.7406463623047, 18.85205, 16.991272]"
000000428301.jpg,"[422.4415588378906, 267.334716796875, 52.919373, 71.84654]"
000000428301.jpg,"[438.25421142578125, 267.87786865234375, 119.90744, 72.707565]"
000000558528.jpg,"[143.65673828125, 244.95712280273438, 287.31348, 107.51221]"
000000368409.jpg,"[355.5437316894531, 318.6920471191406, 103.535645, 81.065674]"
000000368409.jpg,"[472.9969177246094, 338.0963134765625, 154.68951, 121.90674]"
000000368409.jpg,"[149.13217163085938, 274.4815673828125, 44.972076, 20.89267]"
000000368409.jpg,"[178.26779174804688, 284.9422607421875, 64.16666, 37.797913]"
000000368409.jpg,"[43.10078811645508, 280.38848876953125, 65.84989, 41.312256]"
000000368409.jpg,"[379.0102233886719, 272.03363037109375, 17.993774, 13.314667]"
000000368409.jpg,"[236.73817443847656, 288.3846435546875, 112.36661, 46.45569]"
000000399780.jpg,"[267.111328125, 249.92007446289062, 67.88776, 40.61885]"
000000399780.jpg,"[138.27822875976562, 286.9561767578125, 119.547676, 60.582855]"
000000399780.jpg,"[41.788856506347656, 317.27288818359375, 83.39758, 60.77359]"
000000399780.jpg,"[392.1842041015625, 207.90826416015625, 59.456635, 36.19362]"
000000399780.jpg,"[417.336181640625, 201.877685546875, 13.731445, 24.905212]"
000000399780.jpg,"[403.35540771484375, 203.36732482910156, 37.01999, 28.425903]"
000000171806.jpg,"[397.1234130859375, 237.23065185546875, 165.36703, 98.73071]"
000000171806.jpg,"[525.2427978515625, 218.04653930664062, 134.5755, 91.777756]"
000000171806.jpg,"[614.988525390625, 221.59072875976562, 50.02301, 62.95511]"
000000298162.jpg,"[82.70986938476562, 483.900634765625, 95.236664, 28.139008]"
000000298162.jpg,"[151.37237548828125, 487.3398132324219, 52.14364, 23.171936]"
000000298162.jpg,"[188.39044189453125, 487.310791015625, 48.313614, 22.215668]"
000000298162.jpg,"[278.8722839355469, 493.21270751953125, 30.869873, 13.35672]"
000000298162.jpg,"[11.008766174316406, 482.0773010253906, 22.017532, 17.829773]"
000000298162.jpg,"[18.37784194946289, 472.84063720703125, 35.62828, 27.885498]"
000000298162.jpg,"[271.53668212890625, 494.97381591796875, 22.579437, 11.493439]"
000000298162.jpg,"[321.7027587890625, 497.79986572265625, 14.802826, 8.665497]"
000000298162.jpg,"[266.7109375, 495.4320068359375, 11.756317, 11.414154]"
000000298162.jpg,"[200.4903564453125, 486.1210021972656, 26.305923, 17.525269]"
000000333746.jpg,"[480.0721435546875, 223.63473510742188, 39.038635, 20.88858]"
000000333746.jpg,"[438.6199645996094, 222.30001831054688, 25.692749, 19.481552]"
000000333746.jpg,"[417.48992919921875, 213.09152221679688, 10.544891, 4.831009]"
000000333746.jpg,"[429.4566650390625, 212.46852111816406, 15.658295, 5.880127]"
000000333746.jpg,"[409.65325927734375, 212.14199829101562, 6.7962646, 5.1540985]"
000000333746.jpg,"[413.3385314941406, 212.86962890625, 13.789124, 5.3680573]"
000000333746.jpg,"[477.8695983886719, 215.1377716064453, 29.126099, 6.0959167]"
000000333746.jpg,"[493.3464660644531, 225.83583068847656, 11.863831, 16.490906]"
000000333746.jpg,"[246.3871307373047, 334.6268310546875, 492.77426, 75.04202]"
000000336063.jpg,"[603.3590087890625, 296.37115478515625, 72.09302, 68.10318]"
000000429688.jpg,"[152.97817993164062, 204.0819091796875, 95.091995, 43.79782]"
000000301373.jpg,"[620.9169311523438, 383.8447265625, 37.759155, 146.0953]"
000000301373.jpg,"[259.4379577636719, 320.117431640625, 28.119461, 41.63452]"
000000301373.jpg,"[592.7825927734375, 306.9985046386719, 25.509338, 45.72168]"
000000301373.jpg,"[614.1336669921875, 317.1812744140625, 45.70752, 70.74951]"
000000301373.jpg,"[173.0442352294922, 330.1575927734375, 163.36963, 110.74432]"
000000301373.jpg,"[578.1256103515625, 295.72052001953125, 18.465637, 30.99936]"
000000301373.jpg,"[116.20906066894531, 301.8304443359375, 46.377678, 33.915375]"
000000301373.jpg,"[542.3558349609375, 295.625, 12.783752, 17.87445]"
000000301373.jpg,"[48.365169525146484, 326.90240478515625, 91.24084, 205.8447]"
000000301373.jpg,"[544.9400634765625, 292.50225830078125, 22.52472, 24.548065]"
000000301373.jpg,"[569.0157470703125, 281.066162109375, 11.15155, 7.875824]"
000000301373.jpg,"[344.85760498046875, 295.2947998046875, 150.90945, 118.55435]"
000000368840.jpg,"[401.6416931152344, 108.68464660644531, 176.0852, 68.13657]"
000000368840.jpg,"[3.484567642211914, 79.49040985107422, 5.7515917, 22.42575]"
000000368840.jpg,"[42.64005661010742, 69.54856872558594, 50.022545, 15.534939]"
000000560222.jpg,"[367.3702392578125, 354.0494384765625, 35.18222, 28.587524]"
000000560222.jpg,"[193.94113159179688, 354.93182373046875, 64.312515, 39.472412]"
000000560222.jpg,"[301.0755615234375, 347.80364990234375, 17.522827, 13.460144]"
000000560222.jpg,"[445.5945739746094, 356.7003173828125, 56.048584, 45.047974]"
000000560222.jpg,"[332.4222412109375, 346.4748840332031, 15.492035, 11.562378]"
000000560222.jpg,"[234.57040405273438, 347.0387878417969, 44.498825, 45.225647]"
000000560222.jpg,"[413.313232421875, 351.36932373046875, 31.413116, 27.183014]"
000000560222.jpg,"[263.3668212890625, 351.4547119140625, 12.639954, 25.815155]"
000000560222.jpg,"[312.951416015625, 346.93878173828125, 8.990753, 10.887299]"
000000560222.jpg,"[384.7122497558594, 343.435302734375, 11.466736, 11.093994]"
000000560222.jpg,"[397.56805419921875, 351.9049987792969, 9.0798645, 20.524353]"
000000560222.jpg,"[320.63531494140625, 345.1103210449219, 8.847321, 10.792175]"
000000560222.jpg,"[316.0391845703125, 345.888671875, 14.211517, 10.7586975]"
000000560222.jpg,"[307.72479248046875, 347.03546142578125, 33.309204, 12.745819]"
000000560222.jpg,"[422.26605224609375, 355.3939514160156, 15.452484, 30.895325]"
000000136900.jpg,"[113.50553894042969, 287.487060546875, 41.070778, 42.849]"
000000136900.jpg,"[10.001625061035156, 295.344970703125, 20.00325, 31.594574]"
000000136900.jpg,"[531.6614990234375, 253.06964111328125, 13.164368, 11.505203]"
000000330677.jpg,"[367.1634216308594, 217.65960693359375, 71.566956, 34.449097]"
000000330677.jpg,"[325.1531982421875, 232.7567596435547, 77.81265, 64.61478]"
000000330677.jpg,"[606.947509765625, 225.80691528320312, 65.922, 50.694427]"
000000330677.jpg,"[436.90753173828125, 212.64794921875, 38.338226, 33.653793]"
000000330677.jpg,"[543.0437622070312, 245.98556518554688, 181.06613, 72.69261]"
000000330677.jpg,"[586.6837158203125, 248.73666381835938, 101.18921, 73.05109]"
000000296540.jpg,"[355.70379638671875, 180.25173950195312, 67.97592, 42.481216]"
000000296540.jpg,"[401.04046630859375, 174.2969512939453, 59.79068, 40.1362]"
000000296540.jpg,"[267.1473693847656, 185.96194458007812, 87.97209, 51.446]"
000000296540.jpg,"[421.67950439453125, 270.7646789550781, 116.64096, 144.52925]"
000000296540.jpg,"[414.6427001953125, 158.34674072265625, 48.21286, 30.843338]"
000000135467.jpg,"[449.6316833496094, 203.55709838867188, 167.43744, 92.27919]"
000000135467.jpg,"[301.6216735839844, 195.8294219970703, 150.04039, 79.85318]"
000000135467.jpg,"[102.64022064208984, 223.9488067626953, 122.28099, 149.6022]"
000000135467.jpg,"[186.1317901611328, 221.69168090820312, 269.7894, 144.24738]"
000000135467.jpg,"[369.19720458984375, 319.19775390625, 292.743, 204.845]"
000000135467.jpg,"[375.990478515625, 201.2589111328125, 262.2898, 87.58742]"
000000330053.jpg,"[485.31744384765625, 234.08627319335938, 166.15112, 112.69183]"
000000330053.jpg,"[547.7723999023438, 71.85906982421875, 52.08374, 28.293701]"
000000330053.jpg,"[385.5240783691406, 145.86614990234375, 84.69873, 64.5057]"
000000330053.jpg,"[418.3251037597656, 176.9256591796875, 102.34662, 78.20349]"
000000330053.jpg,"[621.8397216796875, 89.42914581298828, 36.320374, 44.916946]"
000000330053.jpg,"[545.6634521484375, 110.33647155761719, 81.92038, 51.643974]"
000000330053.jpg,"[378.2100524902344, 96.573974609375, 65.034546, 32.537712]"
000000232031.jpg,"[562.4947509765625, 265.2840576171875, 83.62219, 31.55333]"
000000232031.jpg,"[25.235305786132812, 250.085693359375, 49.55699, 52.729736]"
000000232031.jpg,"[108.38299560546875, 248.87271118164062, 67.28886, 68.23187]"
000000232031.jpg,"[632.9759521484375, 260.1551818847656, 14.048035, 11.767334]"
000000232031.jpg,"[290.94775390625, 267.8602294921875, 390.43198, 151.8828]"
000000232031.jpg,"[609.7266845703125, 257.3789367675781, 10.581604, 11.707443]"
000000232031.jpg,"[637.1767578125, 261.0669860839844, 5.538208, 11.886246]"
000000166731.jpg,"[92.09027862548828, 228.13079833984375, 59.414104, 41.38069]"
000000166731.jpg,"[297.63507080078125, 224.20701599121094, 78.458466, 56.33011]"
000000166731.jpg,"[12.615372657775879, 206.65505981445312, 24.40143, 20.627518]"
000000166731.jpg,"[85.26919555664062, 206.01119995117188, 21.239815, 10.990082]"
000000166731.jpg,"[350.9071044921875, 203.1691131591797, 39.467773, 36.485138]"
000000067255.jpg,"[279.5594482421875, 439.1994323730469, 24.517487, 17.029907]"
000000067255.jpg,"[165.891357421875, 454.8221740722656, 140.54031, 48.668396]"
000000067255.jpg,"[236.82907104492188, 434.68609619140625, 29.110123, 18.196136]"
000000067255.jpg,"[91.2782974243164, 440.1416015625, 67.77205, 25.960785]"
000000067255.jpg,"[263.7032470703125, 436.187744140625, 34.015656, 19.873901]"
000000067255.jpg,"[117.72773742675781, 457.8472900390625, 60.913116, 40.945618]"
000000067255.jpg,"[245.03726196289062, 436.071533203125, 13.770065, 17.273285]"
000000366517.jpg,"[138.92977905273438, 49.4080810546875, 74.11998, 27.262081]"
000000366517.jpg,"[503.58465576171875, 90.67941284179688, 165.17917, 55.312145]"
000000366517.jpg,"[161.52288818359375, 263.1173095703125, 167.10641, 82.91362]"
000000366517.jpg,"[376.650390625, 77.60346221923828, 144.38498, 58.977207]"
000000366517.jpg,"[197.75100708007812, 45.65944290161133, 51.06865, 16.77208]"
000000366517.jpg,"[441.52386474609375, 249.59036254882812, 302.36227, 57.964493]"
000000366517.jpg,"[95.5394058227539, 59.62602233886719, 27.500366, 22.28239]"
000000366517.jpg,"[490.0074768066406, 58.013797760009766, 172.58551, 35.02749]"
000000562217.jpg,"[347.0700378417969, 522.7630615234375, 140.07721, 60.46164]"
000000562217.jpg,"[43.786476135253906, 548.78662109375, 85.25108, 57.537292]"
000000562217.jpg,"[271.9206848144531, 510.86419677734375, 22.212708, 26.921356]"
000000426519.jpg,"[569.6603393554688, 474.2497863769531, 140.67932, 88.028625]"
000000068152.jpg,"[615.9927978515625, 237.97686767578125, 48.014404, 43.26924]"
000000068152.jpg,"[474.656005859375, 253.25299072265625, 122.23251, 52.0681]"
000000068152.jpg,"[21.53147315979004, 261.00494384765625, 43.062946, 46.15538]"
000000068152.jpg,"[104.76374816894531, 245.4140167236328, 40.000748, 25.681793]"
000000068152.jpg,"[53.12939453125, 252.32125854492188, 73.13214, 40.50786]"
000000068152.jpg,"[535.823486328125, 244.36410522460938, 114.78949, 53.993607]"
000000068152.jpg,"[598.693359375, 226.86944580078125, 42.325745, 16.818573]"
000000068152.jpg,"[135.17483520507812, 239.1558380126953, 39.602493, 22.009277]"
000000068152.jpg,"[438.29248046875, 225.13677978515625, 20.433502, 9.076614]"
000000068152.jpg,"[470.67254638671875, 221.494873046875, 22.072052, 11.618515]"
000000068152.jpg,"[571.681396484375, 223.10389709472656, 43.91681, 18.876007]"
000000068152.jpg,"[405.2318115234375, 268.69097900390625, 31.16507, 26.430267]"
000000068152.jpg,"[451.9736328125, 223.13946533203125, 16.157837, 8.626419]"
000000068152.jpg,"[609.7933349609375, 215.83566284179688, 29.77417, 8.375198]"
000000068152.jpg,"[158.25399780273438, 237.93356323242188, 18.250534, 12.4058075]"
000000068152.jpg,"[163.58006286621094, 238.2445831298828, 11.360809, 11.713074]"
000000068152.jpg,"[632.2326049804688, 216.16932678222656, 14.994019, 7.2893066]"
000000068152.jpg,"[167.5926971435547, 236.6581268310547, 11.4331665, 10.806702]"
000000068152.jpg,"[632.62451171875, 212.9942626953125, 14.751038, 9.930176]"
000000068152.jpg,"[153.18743896484375, 238.12399291992188, 11.271591, 13.382309]"
000000068152.jpg,"[636.1690673828125, 210.66049194335938, 7.661865, 7.902939]"
000000068152.jpg,"[148.84054565429688, 239.7638702392578, 17.090332, 15.258728]"
000000068152.jpg,"[609.8009033203125, 218.55148315429688, 30.344788, 7.281479]"
000000203257.jpg,"[49.68867492675781, 333.77447509765625, 94.92708, 82.41171]"
000000203257.jpg,"[117.42555236816406, 200.51364135742188, 62.748253, 51.33722]"
000000203257.jpg,"[191.444580078125, 349.3297119140625, 107.209335, 116.237274]"
000000203257.jpg,"[224.60568237304688, 199.54122924804688, 60.9261, 48.284317]"
000000203257.jpg,"[81.12138366699219, 121.49337768554688, 47.271942, 43.572166]"
000000203257.jpg,"[160.83973693847656, 162.9864501953125, 53.696533, 40.516815]"
000000203257.jpg,"[501.56280517578125, 25.341068267822266, 15.067963, 13.88295]"
000000203257.jpg,"[241.4276123046875, 150.44381713867188, 49.157913, 39.93007]"
000000203257.jpg,"[191.89527893066406, 239.570068359375, 81.14203, 79.88988]"
000000203257.jpg,"[190.97569274902344, 133.69972229003906, 46.87967, 41.588448]"
000000203257.jpg,"[632.902099609375, 62.23292541503906, 14.08429, 28.403393]"
000000203257.jpg,"[156.44528198242188, 88.02969360351562, 27.464706, 24.623222]"
000000203257.jpg,"[588.8424072265625, 47.224857330322266, 22.182922, 15.501228]"
000000203257.jpg,"[278.69097900390625, 106.78936004638672, 35.020203, 28.985016]"
000000203257.jpg,"[170.06021118164062, 69.36395263671875, 28.806168, 22.739273]"
000000203257.jpg,"[224.81883239746094, 102.0302734375, 41.02182, 33.99385]"
000000203257.jpg,"[523.2035522460938, 22.723604202270508, 16.535034, 12.563644]"
000000203257.jpg,"[254.88311767578125, 127.81351470947266, 40.620728, 41.72792]"
000000203257.jpg,"[36.25267791748047, 395.99005126953125, 72.505356, 58.996582]"
000000203257.jpg,"[440.82562255859375, 35.746726989746094, 17.05661, 15.576269]"
000000203257.jpg,"[409.588134765625, 40.271827697753906, 17.378387, 13.914768]"
000000203257.jpg,"[252.46804809570312, 82.88124084472656, 29.441696, 26.803322]"
000000203257.jpg,"[611.9928588867188, 47.54004669189453, 17.067993, 21.939976]"
000000203257.jpg,"[633.0811767578125, 16.92068862915039, 13.210388, 12.951676]"
000000203257.jpg,"[552.7857666015625, 18.299335479736328, 17.703125, 14.450249]"
000000203257.jpg,"[371.4193115234375, 47.865081787109375, 19.196259, 17.573849]"
000000203257.jpg,"[301.904296875, 73.50257873535156, 25.635956, 22.966599]"
000000203257.jpg,"[286.779541015625, 91.40519714355469, 29.661499, 29.763878]"
000000203257.jpg,"[424.7662353515625, 37.03337478637695, 15.095642, 14.876984]"
000000203257.jpg,"[269.6717529296875, 68.37190246582031, 25.81369, 20.955582]"
000000203257.jpg,"[593.5751953125, 7.992714881896973, 18.81903, 13.11017]"
000000203257.jpg,"[625.0953369140625, 54.325172424316406, 22.018616, 31.352692]"
000000203257.jpg,"[349.6717529296875, 49.75923156738281, 25.148132, 24.93729]"
000000203257.jpg,"[252.21438598632812, 39.052818298339844, 30.321548, 13.5180855]"
000000397701.jpg,"[487.41375732421875, 197.0242919921875, 99.68884, 79.989395]"
000000397701.jpg,"[165.5999755859375, 194.3489990234375, 325.60016, 169.64899]"
000000530282.jpg,"[564.264892578125, 285.66815185546875, 150.03583, 137.63942]"
000000530282.jpg,"[348.5018310546875, 282.93072509765625, 511.92136, 311.91602]"
000000364491.jpg,"[79.30198669433594, 451.6815185546875, 158.60397, 48.75528]"
000000364491.jpg,"[618.277099609375, 422.22857666015625, 41.314575, 45.891205]"
000000364491.jpg,"[34.81709289550781, 415.427734375, 69.634186, 26.284058]"
000000295329.jpg,"[80.9154052734375, 230.46551513671875, 161.83081, 97.58794]"
000000295329.jpg,"[326.3677062988281, 303.6791076660156, 627.2646, 352.6418]"
000000005018.jpg,"[338.88580322265625, 37.57186508178711, 257.74542, 75.14373]"
000000167695.jpg,"[289.2996826171875, 103.02418518066406, 303.885, 118.94272]"
000000167695.jpg,"[176.90875244140625, 214.10537719726562, 101.70181, 99.06319]"
000000367484.jpg,"[20.016530990600586, 352.0074768066406, 40.033062, 39.10736]"
000000367484.jpg,"[138.90208435058594, 476.5414733886719, 273.2772, 311.0843]"
000000170393.jpg,"[299.2710266113281, 248.97512817382812, 576.1871, 210.43898]"
000000394964.jpg,"[599.2570190429688, 297.0120849609375, 81.48596, 103.992645]"
000000394964.jpg,"[517.158447265625, 256.63397216796875, 59.28476, 34.639038]"
000000394964.jpg,"[87.78652954101562, 262.2168884277344, 61.900444, 67.33612]"
000000394964.jpg,"[552.0250244140625, 258.30810546875, 39.161682, 38.45175]"
000000394964.jpg,"[494.22174072265625, 296.83319091796875, 22.70224, 54.618805]"
000000394964.jpg,"[45.75843048095703, 251.510009765625, 24.144531, 32.99536]"
000000394964.jpg,"[17.13938331604004, 257.7362365722656, 12.782561, 30.977066]"
000000394964.jpg,"[2.4115424156188965, 250.69232177734375, 4.6116037, 19.980728]"
000000394964.jpg,"[34.49534225463867, 253.22528076171875, 50.40726, 34.46112]"
000000394964.jpg,"[5.04136323928833, 250.47943115234375, 9.109595, 20.501968]"
000000430395.jpg,"[197.52061462402344, 148.66514587402344, 395.04123, 283.5911]"
000000427362.jpg,"[107.25808715820312, 222.12123107910156, 94.467926, 39.039]"
000000427362.jpg,"[120.4329833984375, 432.3498229980469, 240.86597, 92.592896]"
000000427362.jpg,"[159.56243896484375, 373.7996826171875, 319.12488, 178.37775]"
000000427362.jpg,"[461.29876708984375, 216.96417236328125, 63.131165, 42.263153]"
000000427362.jpg,"[25.926860809326172, 222.63980102539062, 51.85372, 41.50389]"
000000427362.jpg,"[423.46331787109375, 326.0885925292969, 243.98071, 124.30121]"
000000427362.jpg,"[151.759033203125, 220.79339599609375, 27.709885, 38.819565]"
000000427362.jpg,"[175.6708221435547, 213.60482788085938, 21.475952, 51.94365]"
000000427362.jpg,"[161.21331787109375, 215.26451110839844, 43.14081, 46.71765]"
000000427362.jpg,"[230.0214385986328, 322.1977233886719, 170.00821, 50.977417]"
000000427362.jpg,"[264.5500793457031, 322.333740234375, 235.82428, 80.56625]"
000000427362.jpg,"[85.23011779785156, 206.23123168945312, 53.221893, 16.938858]"
000000427362.jpg,"[287.12646484375, 334.73712158203125, 418.5794, 127.86374]"
000000202617.jpg,"[86.08741760253906, 181.2650146484375, 26.097038, 11.983871]"
000000202617.jpg,"[112.94808959960938, 182.04656982421875, 18.688217, 11.397888]"
000000202617.jpg,"[28.41265106201172, 185.20938110351562, 14.030024, 12.150177]"
000000202617.jpg,"[8.547966957092285, 180.84197998046875, 15.1279545, 11.590683]"
000000202617.jpg,"[53.663082122802734, 208.54443359375, 45.919853, 49.93889]"
000000202617.jpg,"[4.627299785614014, 182.53485107421875, 8.032838, 7.41597]"
000000202617.jpg,"[13.395730972290039, 181.5873565673828, 24.142307, 15.833984]"
000000302599.jpg,"[291.3847961425781, 227.73291015625, 448.9864, 112.047485]"
000000107305.jpg,"[525.4984130859375, 283.238037109375, 123.792694, 56.190933]"
000000107305.jpg,"[459.6640930175781, 266.4329833984375, 52.272766, 33.37491]"
000000107305.jpg,"[117.36094665527344, 258.88323974609375, 69.421265, 29.91455]"
000000107305.jpg,"[426.48382568359375, 255.4345703125, 22.91275, 12.750061]"
000000107305.jpg,"[159.45559692382812, 259.47021484375, 17.694427, 18.25888]"
000000107305.jpg,"[427.9945068359375, 251.846923828125, 21.141113, 6.5929413]"
000000107305.jpg,"[19.348411560058594, 256.4164733886719, 14.414506, 6.1628265]"
000000335521.jpg,"[115.84188842773438, 441.1423645019531, 228.42102, 70.20557]"
000000335521.jpg,"[437.70928955078125, 436.8196105957031, 128.53531, 79.637085]"
000000335521.jpg,"[540.02587890625, 377.719970703125, 60.793274, 47.676636]"
000000335521.jpg,"[589.4780883789062, 346.48486328125, 17.770386, 20.362946]"
000000335521.jpg,"[331.9901123046875, 426.482666015625, 127.51514, 64.8154]"
000000335521.jpg,"[329.390380859375, 459.53466796875, 148.67517, 36.19455]"
000000335521.jpg,"[189.0711212158203, 415.8269348144531, 123.13448, 50.497314]"
000000335521.jpg,"[502.5721435546875, 405.20147705078125, 82.290436, 64.97885]"
000000335521.jpg,"[294.4786376953125, 400.41351318359375, 102.58882, 46.561768]"
000000335521.jpg,"[256.0133972167969, 410.164306640625, 50.4693, 41.535065]"
000000335521.jpg,"[457.02740478515625, 351.4481201171875, 42.039093, 25.439789]"
000000335521.jpg,"[485.0748291015625, 348.58673095703125, 23.545868, 17.494415]"
000000335521.jpg,"[391.5081787109375, 377.49273681640625, 124.58682, 44.89441]"
000000335521.jpg,"[561.0614013671875, 369.42987060546875, 17.911926, 38.2377]"
000000335521.jpg,"[443.46673583984375, 380.9662170410156, 30.263458, 35.383972]"
000000335521.jpg,"[563.0084838867188, 356.9803466796875, 19.941406, 17.059814]"
000000335521.jpg,"[354.03155517578125, 374.87945556640625, 51.026398, 28.222198]"
000000202112.jpg,"[345.92108154296875, 272.64581298828125, 227.95682, 94.64511]"
000000202112.jpg,"[158.817138671875, 282.5123596191406, 230.89203, 99.17149]"
000000202112.jpg,"[408.9772033691406, 248.61343383789062, 32.281006, 14.192535]"
000000327919.jpg,"[614.391357421875, 238.43185424804688, 51.217285, 30.898972]"
000000327919.jpg,"[616.4183349609375, 220.43655395507812, 17.91272, 5.6426697]"
000000327919.jpg,"[628.475341796875, 222.90585327148438, 20.066223, 4.612503]"
000000327919.jpg,"[626.0724487304688, 236.223388671875, 27.782104, 29.38861]"
000000132954.jpg,"[73.26812744140625, 211.43157958984375, 104.234665, 75.12537]"
000000132954.jpg,"[151.24757385253906, 127.94861602783203, 70.09546, 20.60756]"
000000099425.jpg,"[267.48095703125, 260.2037353515625, 168.42783, 137.48434]"
000000236138.jpg,"[551.0528564453125, 290.6095886230469, 36.975464, 36.548706]"
000000236138.jpg,"[566.3219604492188, 287.669677734375, 61.590454, 34.987885]"
000000236138.jpg,"[537.7039794921875, 302.72528076171875, 9.17865, 16.788239]"
000000262987.jpg,"[237.04940795898438, 251.61956787109375, 21.070602, 12.843628]"
000000262987.jpg,"[286.2989807128906, 251.61273193359375, 15.70697, 12.941345]"
000000262987.jpg,"[217.4583740234375, 253.3872528076172, 15.465347, 10.188019]"
000000262987.jpg,"[67.5748062133789, 228.5828857421875, 16.30244, 12.159729]"
000000332461.jpg,"[249.58029174804688, 185.073974609375, 486.81036, 357.1836]"
000000332461.jpg,"[66.44511413574219, 34.76192855834961, 54.039608, 44.192913]"
000000332461.jpg,"[8.435646057128906, 23.49938201904297, 15.00413, 18.583895]"
000000332461.jpg,"[31.024066925048828, 21.622426986694336, 25.185638, 19.245537]"
000000332461.jpg,"[22.53502655029297, 24.38796615600586, 20.534904, 15.605263]"
000000335473.jpg,"[109.10343170166016, 43.32953643798828, 218.20686, 85.78549]"
000000526301.jpg,"[438.27862548828125, 86.54889678955078, 119.61008, 40.73143]"
000000526301.jpg,"[452.2821044921875, 148.6162109375, 88.42389, 112.08252]"
000000526301.jpg,"[93.26776885986328, 236.13430786132812, 186.19563, 264.8932]"
000000526301.jpg,"[270.26312255859375, 210.37985229492188, 440.74835, 308.13464]"
000000133680.jpg,"[522.955078125, 183.2677764892578, 232.63394, 173.09567]"
000000133680.jpg,"[143.75030517578125, 169.02816772460938, 179.01938, 120.74388]"
000000133680.jpg,"[309.5168762207031, 123.3936767578125, 173.9467, 80.395325]"
000000133680.jpg,"[66.44004821777344, 94.1383056640625, 131.9223, 50.254692]"
000000467564.jpg,"[418.67822265625, 196.36935424804688, 53.42984, 42.41182]"
000000467564.jpg,"[567.4522705078125, 149.47018432617188, 18.140076, 11.375076]"
000000467564.jpg,"[511.1922607421875, 145.60018920898438, 17.433716, 11.743668]"
000000467564.jpg,"[458.20196533203125, 263.0665588378906, 81.094574, 55.88762]"
000000467564.jpg,"[541.0802001953125, 132.72930908203125, 11.899841, 8.666382]"
000000467564.jpg,"[480.3298034667969, 234.96511840820312, 41.989075, 26.65039]"
000000467564.jpg,"[514.7716674804688, 142.21060180664062, 20.2742, 15.959274]"
000000467564.jpg,"[364.8310546875, 183.4707794189453, 35.813263, 30.061401]"
000000467564.jpg,"[159.74945068359375, 292.0577392578125, 225.27441, 135.3643]"
000000467564.jpg,"[567.5518798828125, 145.37216186523438, 14.054504, 7.735977]"
000000467564.jpg,"[539.3103637695312, 134.59268188476562, 10.928955, 7.702957]"
000000467564.jpg,"[574.780029296875, 138.13385009765625, 13.363892, 7.3286896]"
000000467564.jpg,"[461.55291748046875, 250.6554412841797, 50.369415, 33.43106]"
000000467564.jpg,"[491.090576171875, 147.58383178710938, 13.933075, 17.383408]"
000000467564.jpg,"[584.2603149414062, 162.75607299804688, 9.90979, 8.109329]"
000000499760.jpg,"[324.7424011230469, 301.3448181152344, 621.0865, 537.31036]"
000000269975.jpg,"[375.0956726074219, 273.08123779296875, 24.033508, 27.876617]"
000000269975.jpg,"[321.2951354980469, 275.9866027832031, 64.47485, 51.08528]"
000000269975.jpg,"[421.02032470703125, 273.5828552246094, 82.44626, 47.75685]"
000000269975.jpg,"[529.9810791015625, 267.3241882324219, 45.767395, 32.282837]"
000000269975.jpg,"[581.5582275390625, 267.4350280761719, 21.6167, 25.297226]"
000000269975.jpg,"[581.9676513671875, 257.933349609375, 22.36621, 9.965179]"
000000328382.jpg,"[61.41256332397461, 276.0958251953125, 121.42617, 113.06607]"
000000328382.jpg,"[550.2612915039062, 285.6465148925781, 179.47739, 86.29059]"
000000328382.jpg,"[170.69078063964844, 187.04736328125, 90.427216, 69.56601]"
000000328382.jpg,"[545.0762329101562, 184.88497924804688, 182.17786, 45.509567]"
000000328382.jpg,"[35.82703399658203, 130.1569366455078, 70.61726, 43.825928]"
000000328382.jpg,"[121.30462646484375, 116.10098266601562, 102.81144, 37.118477]"
000000328382.jpg,"[554.1387939453125, 234.57545471191406, 170.20615, 51.362335]"
000000328382.jpg,"[500.76251220703125, 162.19931030273438, 95.30264, 32.982315]"
000000328382.jpg,"[202.92254638671875, 144.80819702148438, 27.231583, 42.95677]"
000000328382.jpg,"[411.9937744140625, 107.00609588623047, 14.813934, 34.05043]"
000000328382.jpg,"[565.4082641601562, 150.42581176757812, 107.27286, 25.550003]"
000000328382.jpg,"[511.38763427734375, 120.08494567871094, 104.49338, 30.2192]"
000000328382.jpg,"[534.108642578125, 136.95779418945312, 153.68323, 36.095566]"
000000328382.jpg,"[244.94862365722656, 27.292469024658203, 14.321564, 5.9007072]"
000000328382.jpg,"[543.571044921875, 218.26458740234375, 188.60431, 55.816864]"
000000328382.jpg,"[527.3644409179688, 127.29351806640625, 136.79333, 24.058441]"
000000170072.jpg,"[584.7274780273438, 242.16104125976562, 110.545044, 76.32347]"
000000170072.jpg,"[50.16546630859375, 235.33822631835938, 88.55876, 50.06221]"
000000170072.jpg,"[239.19888305664062, 219.46820068359375, 129.52222, 48.204697]"
000000170072.jpg,"[444.158447265625, 225.975341796875, 160.3595, 58.431763]"
000000170072.jpg,"[525.6981811523438, 243.1885986328125, 107.75644, 61.45732]"
000000329684.jpg,"[68.9056167602539, 535.647705078125, 53.66303, 34.882874]"
000000329684.jpg,"[105.65541076660156, 530.8253173828125, 40.046234, 32.191956]"
000000329684.jpg,"[23.851900100708008, 539.600341796875, 47.7038, 41.98401]"
000000329684.jpg,"[137.3963165283203, 527.23193359375, 17.89096, 23.857605]"
000000329684.jpg,"[130.32171630859375, 527.5107421875, 27.920914, 26.895569]"
000000329684.jpg,"[107.14726257324219, 511.5523681640625, 19.936852, 8.549713]"
000000329684.jpg,"[126.08917236328125, 513.7506103515625, 17.302986, 3.8141174]"
000000329684.jpg,"[272.84637451171875, 528.4019775390625, 17.666687, 11.227234]"
000000328487.jpg,"[63.22093200683594, 365.7587585449219, 124.113815, 127.789]"
000000328487.jpg,"[260.38623046875, 288.00018310546875, 47.43599, 50.328552]"
000000328487.jpg,"[213.0277099609375, 274.3659973144531, 11.166122, 11.329346]"
000000233711.jpg,"[619.3397216796875, 49.02954864501953, 39.984314, 27.00328]"
000000233711.jpg,"[491.4111022949219, 163.37869262695312, 99.45111, 84.0927]"
000000233711.jpg,"[557.1270751953125, 216.272216796875, 164.10599, 112.43797]"
000000233711.jpg,"[602.7425537109375, 38.93901824951172, 29.907532, 30.303814]"
000000233711.jpg,"[468.61328125, 125.04393005371094, 64.94977, 53.440086]"
000000233711.jpg,"[451.0584716796875, 83.51406860351562, 63.780365, 33.470192]"
000000106419.jpg,"[34.1667594909668, 83.62410736083984, 30.371408, 24.302338]"
000000494202.jpg,"[202.4764862060547, 163.4962615966797, 129.21036, 74.89096]"
000000566278.jpg,"[10.373058319091797, 285.75665283203125, 18.770527, 9.079407]"
000000566278.jpg,"[292.86346435546875, 280.75640869140625, 366.25726, 193.63898]"
000000465638.jpg,"[478.5301513671875, 161.0291748046875, 9.128784, 7.628784]"
000000465638.jpg,"[446.8076171875, 160.63246154785156, 32.931732, 24.592499]"
000000465638.jpg,"[253.39089965820312, 196.44509887695312, 94.56383, 31.132217]"
000000397859.jpg,"[612.8660278320312, 208.56362915039062, 53.954956, 143.28418]"
000000397859.jpg,"[194.81198120117188, 203.1717529296875, 175.33765, 143.72475]"
000000397859.jpg,"[34.387123107910156, 194.1951904296875, 68.77425, 157.08307]"
000000397859.jpg,"[449.14654541015625, 208.42855834960938, 152.79355, 148.27336]"
000000397859.jpg,"[74.05662536621094, 166.31243896484375, 87.82991, 102.547745]"
000000397859.jpg,"[315.1929626464844, 213.2740020751953, 382.09418, 156.36331]"
000000397859.jpg,"[581.9561157226562, 201.51992797851562, 46.328125, 86.65245]"
000000234293.jpg,"[63.94207000732422, 302.79205322265625, 82.08728, 49.38907]"
000000234293.jpg,"[112.15399169921875, 290.7789306640625, 43.296295, 44.488617]"
000000234293.jpg,"[320.49737548828125, 369.88299560546875, 639.00525, 105.07266]"
000000433286.jpg,"[421.93280029296875, 17.459644317626953, 21.552979, 18.7073]"
000000433286.jpg,"[407.08941650390625, 14.791497230529785, 18.20108, 18.376936]"
000000433286.jpg,"[523.6568603515625, 32.339439392089844, 96.36594, 62.15543]"
000000433286.jpg,"[371.19659423828125, 9.085611343383789, 14.281128, 7.6009703]"
000000433286.jpg,"[352.967529296875, 11.421582221984863, 7.820648, 4.7940445]"
000000433286.jpg,"[361.5671691894531, 11.388065338134766, 7.54364, 4.814541]"
000000331057.jpg,"[89.37911987304688, 62.704246520996094, 73.35868, 41.462482]"
000000331057.jpg,"[157.75149536132812, 64.89501190185547, 79.18937, 46.97017]"
000000331057.jpg,"[594.8255615234375, 157.08767700195312, 90.34888, 68.692215]"
000000331057.jpg,"[14.743727684020996, 38.77024841308594, 29.487455, 27.516369]"
000000331057.jpg,"[275.75970458984375, 65.6851806640625, 84.04648, 44.06568]"
000000331057.jpg,"[506.731201171875, 170.57455444335938, 152.625, 113.50456]"
000000331057.jpg,"[47.234622955322266, 49.329978942871094, 46.364952, 28.601799]"
000000331057.jpg,"[582.191162109375, 111.4625015258789, 101.63641, 51.6176]"
000000331057.jpg,"[338.5610046386719, 104.96127319335938, 83.90503, 62.710014]"
000000331057.jpg,"[523.13671875, 110.50898742675781, 115.58429, 61.808136]"
000000331057.jpg,"[460.53790283203125, 101.60566711425781, 115.03589, 49.74446]"
000000331057.jpg,"[502.79534912109375, 71.67304992675781, 69.747284, 26.183052]"
000000331057.jpg,"[217.1330108642578, 45.05848693847656, 40.12503, 25.406818]"
000000331057.jpg,"[379.71258544921875, 60.06306457519531, 89.00958, 36.25682]"
000000331057.jpg,"[505.4622802734375, 106.63946533203125, 222.53586, 57.702324]"
000000331057.jpg,"[452.0867919921875, 65.74481964111328, 25.643066, 23.75145]"
000000331057.jpg,"[190.22666931152344, 57.56282424926758, 30.571777, 31.727669]"
000000331057.jpg,"[106.46345520019531, 39.62089157104492, 55.21862, 26.953867]"
000000331057.jpg,"[313.2243347167969, 256.0262451171875, 594.64435, 311.5049]"
000000331057.jpg,"[421.72576904296875, 59.99230194091797, 41.54947, 34.805603]"
000000331057.jpg,"[310.85968017578125, 56.636924743652344, 36.693054, 29.585678]"
000000331057.jpg,"[60.9572868347168, 34.29038619995117, 36.161903, 15.800772]"
000000331057.jpg,"[245.07200622558594, 42.12158203125, 32.14096, 14.171192]"
000000072284.jpg,"[316.4425964355469, 141.65476989746094, 632.8852, 269.82687]"
000000072284.jpg,"[306.69110107421875, 266.1542053222656, 613.3822, 441.97983]"
000000072284.jpg,"[482.58013916015625, 145.63111877441406, 314.83975, 259.1224]"
000000566038.jpg,"[292.0903015136719, 51.57541275024414, 290.60272, 97.91221]"
000000566038.jpg,"[240.0, 223.6581268310547, 480.0, 293.51657]"
000000496673.jpg,"[428.48406982421875, 202.85670471191406, 123.94849, 41.378235]"
000000496673.jpg,"[424.0202331542969, 196.52755737304688, 75.82294, 26.229874]"
000000363581.jpg,"[580.7830200195312, 185.8267822265625, 116.752686, 49.80513]"
000000363581.jpg,"[628.4949951171875, 218.24212646484375, 21.4234, 32.033096]"
000000368087.jpg,"[316.6316223144531, 439.03253173828125, 73.77203, 36.383514]"
000000368087.jpg,"[220.47000122070312, 437.56756591796875, 14.0624695, 21.886444]"
000000368087.jpg,"[598.3156127929688, 438.6202392578125, 22.073486, 16.700531]"
000000368087.jpg,"[239.030517578125, 438.6698913574219, 27.209396, 25.407349]"
000000368087.jpg,"[283.3242492675781, 432.72552490234375, 14.148376, 12.886017]"
000000368087.jpg,"[149.75283813476562, 429.0814208984375, 18.971603, 12.906006]"
000000368087.jpg,"[529.754638671875, 438.1732177734375, 13.785095, 14.982941]"
000000368087.jpg,"[106.8517074584961, 438.73223876953125, 36.571503, 48.95627]"
000000368087.jpg,"[287.3336181640625, 428.59967041015625, 20.10672, 9.2708435]"
000000368087.jpg,"[550.5233764648438, 426.4462890625, 16.309082, 7.77005]"
000000368087.jpg,"[563.6727294921875, 424.6390380859375, 8.020264, 3.3627014]"
000000368087.jpg,"[272.45111083984375, 428.2255554199219, 13.350067, 11.388794]"
000000368087.jpg,"[151.1088409423828, 424.13311767578125, 20.993134, 8.796326]"
000000368087.jpg,"[561.1279907226562, 428.8056945800781, 11.925537, 4.9746094]"
000000368087.jpg,"[209.35202026367188, 436.87255859375, 35.943253, 22.506592]"
000000131678.jpg,"[623.3582763671875, 309.60784912109375, 33.261353, 29.570862]"
000000235380.jpg,"[472.8869323730469, 278.6380615234375, 43.200012, 20.181427]"
000000235380.jpg,"[341.8980407714844, 305.88922119140625, 66.700745, 61.21408]"
000000235380.jpg,"[286.13494873046875, 319.00384521484375, 101.16702, 82.867615]"
000000235380.jpg,"[135.0987548828125, 354.28497314453125, 260.46332, 150.8613]"
000000235380.jpg,"[61.70342254638672, 301.125, 76.88583, 43.054382]"
000000235380.jpg,"[393.1327209472656, 275.26641845703125, 16.971924, 10.308624]"
000000235380.jpg,"[502.8583984375, 278.42169189453125, 18.168, 21.020813]"
000000235380.jpg,"[377.36358642578125, 273.93133544921875, 14.092407, 9.517303]"
000000235380.jpg,"[21.178775787353516, 307.4757080078125, 21.868021, 41.245758]"
000000235380.jpg,"[443.42596435546875, 275.7528076171875, 10.939911, 11.400726]"
000000235380.jpg,"[419.1431579589844, 275.6733703613281, 18.742188, 10.480652]"
000000235380.jpg,"[445.4354248046875, 278.2569885253906, 12.160645, 6.0109253]"
000000235380.jpg,"[432.69775390625, 275.82330322265625, 10.388458, 11.025177]"
000000235380.jpg,"[406.2076416015625, 276.23577880859375, 12.104279, 9.125153]"
000000235380.jpg,"[438.5688171386719, 277.0731201171875, 19.338074, 8.835663]"
000000235380.jpg,"[433.21234130859375, 277.5709228515625, 10.822662, 5.5697937]"
000000235380.jpg,"[400.8402099609375, 275.41497802734375, 61.030243, 11.461426]"
000000235380.jpg,"[442.4998474121094, 277.226318359375, 12.133667, 6.097931]"
000000497608.jpg,"[19.276885986328125, 364.03173828125, 11.830018, 5.0126953]"
000000495752.jpg,"[360.96124267578125, 212.03787231445312, 21.80133, 16.219376]"
000000495752.jpg,"[313.1310729980469, 208.71502685546875, 19.506104, 13.59407]"
000000494574.jpg,"[344.69635009765625, 585.3482055664062, 267.1197, 106.917725]"
000000494574.jpg,"[15.473250389099121, 389.6544494628906, 30.9465, 14.473267]"
000000494574.jpg,"[267.00469970703125, 405.66375732421875, 74.22099, 52.265472]"
000000494574.jpg,"[127.72298431396484, 438.1234130859375, 250.13704, 152.4603]"
000000494574.jpg,"[221.932861328125, 407.97808837890625, 26.848022, 17.496643]"
000000171536.jpg,"[222.0249481201172, 113.40901947021484, 28.436798, 23.824356]"
000000171536.jpg,"[81.11750030517578, 127.00609588623047, 38.55954, 46.484177]"
000000171536.jpg,"[291.81402587890625, 122.81158447265625, 68.9906, 62.772095]"
000000171536.jpg,"[116.11529541015625, 125.44064331054688, 58.86621, 53.178894]"
000000171536.jpg,"[138.30685424804688, 117.11550903320312, 15.668167, 39.147247]"
000000171536.jpg,"[71.27886199951172, 111.3648452758789, 15.373013, 11.140625]"
000000171536.jpg,"[81.26165771484375, 116.90904235839844, 39.04145, 23.020226]"
000000402212.jpg,"[28.05215835571289, 345.18255615234375, 54.81047, 145.84756]"
000000402212.jpg,"[616.0809936523438, 278.6553955078125, 46.160645, 204.60393]"
000000264676.jpg,"[96.67936706542969, 128.78408813476562, 59.149887, 53.948914]"
000000264676.jpg,"[57.05742645263672, 94.34302520751953, 38.04198, 22.734009]"
000000264676.jpg,"[598.914306640625, 203.82894897460938, 82.17145, 112.9904]"
000000264676.jpg,"[157.3551025390625, 86.92725372314453, 26.119873, 18.973663]"
000000264676.jpg,"[114.79502868652344, 95.09234619140625, 43.18499, 22.948128]"
000000264676.jpg,"[29.705718994140625, 73.383544921875, 12.06572, 11.022865]"
000000264676.jpg,"[47.65596008300781, 72.42428588867188, 20.66212, 20.089897]"
000000264676.jpg,"[591.4156494140625, 106.40225219726562, 94.947876, 73.360115]"
000000264676.jpg,"[176.31924438476562, 88.7299575805664, 59.843063, 20.24672]"
000000264676.jpg,"[321.86932373046875, 170.6729278564453, 464.15308, 283.5831]"
000000264676.jpg,"[79.51551818847656, 77.07456970214844, 13.212868, 21.989532]"
000000264676.jpg,"[633.466796875, 135.2031707763672, 12.516846, 30.544098]"
000000433826.jpg,"[471.2464904785156, 311.78668212890625, 14.4470215, 5.7496033]"
000000433826.jpg,"[494.5533447265625, 312.6728515625, 22.15329, 6.5130005]"
000000433826.jpg,"[473.0823669433594, 310.94757080078125, 10.557556, 3.7687683]"
000000433826.jpg,"[452.45294189453125, 312.3529052734375, 14.40152, 5.9083557]"
000000433826.jpg,"[203.385498046875, 344.90606689453125, 87.504, 21.338379]"
000000074853.jpg,"[589.7449951171875, 187.62591552734375, 100.28888, 67.02019]"
000000074853.jpg,"[511.7551574707031, 180.95162963867188, 61.260315, 42.31656]"
000000074853.jpg,"[635.2838745117188, 166.52047729492188, 8.907471, 24.000412]"
000000074853.jpg,"[628.180908203125, 161.1680145263672, 20.48114, 11.948944]"
000000105374.jpg,"[392.27557373046875, 421.59161376953125, 69.44888, 206.03464]"
000000105374.jpg,"[389.32513427734375, 292.3857421875, 75.34976, 57.912476]"
000000070408.jpg,"[68.81556701660156, 401.764892578125, 137.63113, 40.267303]"
000000003590.jpg,"[248.40057373046875, 207.63766479492188, 49.185196, 31.95488]"
000000003590.jpg,"[221.487060546875, 188.98507690429688, 23.823746, 12.645309]"
000000003590.jpg,"[428.0363464355469, 182.065185546875, 18.447754, 9.227158]"
000000170700.jpg,"[493.621826171875, 421.4089050292969, 254.12537, 108.70569]"
000000170700.jpg,"[393.88226318359375, 364.5636901855469, 110.43448, 59.80658]"
000000170700.jpg,"[465.56378173828125, 357.34539794921875, 44.802032, 35.409515]"
000000170700.jpg,"[497.49639892578125, 360.9974365234375, 110.23813, 37.255005]"
000000500575.jpg,"[220.05628967285156, 241.743408203125, 86.03464, 63.612747]"
000000500575.jpg,"[402.895263671875, 230.99078369140625, 53.14331, 56.30287]"
000000466451.jpg,"[102.30826568603516, 170.3046875, 196.3592, 117.14103]"
000000466451.jpg,"[326.6717224121094, 269.1849365234375, 564.1889, 303.4292]"
000000466451.jpg,"[608.179931640625, 163.19268798828125, 63.360046, 76.95634]"
000000466451.jpg,"[7.957568168640137, 135.00711059570312, 15.327799, 51.832367]"
000000466451.jpg,"[627.7553100585938, 167.86668395996094, 24.48938, 76.708374]"
000000431555.jpg,"[400.0717468261719, 219.09197998046875, 55.667786, 28.658218]"
000000431555.jpg,"[368.29193115234375, 209.775390625, 38.45398, 31.80635]"
000000431555.jpg,"[236.08009338378906, 208.61190795898438, 9.649658, 12.984833]"
000000431555.jpg,"[12.480314254760742, 227.01898193359375, 24.72297, 25.546036]"
000000196773.jpg,"[597.564453125, 367.92913818359375, 83.70038, 151.05981]"
000000236486.jpg,"[409.94927978515625, 136.12417602539062, 63.06366, 34.851425]"
000000236486.jpg,"[117.775634765625, 110.38925170898438, 69.381226, 59.364662]"
000000236486.jpg,"[455.7062683105469, 121.98600769042969, 48.14612, 85.39796]"
000000236486.jpg,"[225.98794555664062, 121.50157165527344, 16.711258, 22.920746]"
000000236486.jpg,"[83.41712951660156, 109.39456176757812, 122.976776, 60.838257]"
000000266363.jpg,"[269.05401611328125, 201.58953857421875, 22.960876, 21.75505]"
000000266363.jpg,"[247.20291137695312, 201.02877807617188, 8.381241, 16.95665]"
000000266363.jpg,"[291.69488525390625, 201.92681884765625, 18.146088, 31.202652]"
000000266363.jpg,"[279.3857421875, 205.86871337890625, 11.039581, 20.505005]"
000000266363.jpg,"[316.74237060546875, 199.77511596679688, 41.86798, 49.791977]"
000000266363.jpg,"[344.535888671875, 204.18373107910156, 32.928253, 56.62726]"
000000266363.jpg,"[250.89956665039062, 200.85496520996094, 14.947632, 18.273743]"
000000262191.jpg,"[90.46882629394531, 293.39544677734375, 50.66324, 28.630127]"
000000262191.jpg,"[33.183433532714844, 292.9288330078125, 35.124916, 17.170135]"
000000262191.jpg,"[114.0322265625, 280.73272705078125, 12.835068, 8.573486]"
000000262191.jpg,"[59.12555694580078, 290.7976989746094, 11.889969, 10.580994]"
000000262191.jpg,"[55.42512512207031, 290.1099853515625, 15.976997, 12.64502]"
000000262191.jpg,"[46.422950744628906, 280.6120300292969, 14.937202, 5.027954]"
000000269160.jpg,"[536.0074462890625, 305.7142028808594, 203.76431, 205.05951]"
000000269160.jpg,"[100.91900634765625, 321.29168701171875, 197.84897, 198.28925]"
000000006562.jpg,"[594.7202758789062, 386.3351135253906, 87.07129, 84.062744]"
000000300476.jpg,"[429.72259521484375, 189.6500244140625, 137.31964, 114.79442]"
000000300476.jpg,"[80.62329864501953, 203.5958251953125, 31.510376, 80.3638]"
000000300476.jpg,"[209.42852783203125, 199.14593505859375, 14.234512, 26.21045]"
000000300476.jpg,"[192.76968383789062, 190.11996459960938, 374.93378, 350.4911]"
000000300476.jpg,"[233.1537628173828, 197.43637084960938, 6.7280884, 10.910477]"
000000200447.jpg,"[508.34619140625, 364.39788818359375, 28.209106, 44.26065]"
000000328348.jpg,"[232.83790588378906, 39.7938117980957, 217.81027, 74.498375]"
000000328348.jpg,"[51.85546875, 48.67976379394531, 102.6248, 68.46611]"
000000328348.jpg,"[13.003686904907227, 68.27320098876953, 26.007374, 36.22761]"
000000328348.jpg,"[314.0429382324219, 204.54783630371094, 592.7054, 344.90744]"
000000491881.jpg,"[554.513916015625, 258.2528991699219, 119.50983, 57.34149]"
000000491881.jpg,"[441.81591796875, 260.83929443359375, 134.9235, 75.2502]"
000000400178.jpg,"[304.8669128417969, 399.3883972167969, 134.18944, 197.4049]"
000000565675.jpg,"[415.35186767578125, 224.83265686035156, 37.563263, 4.1506653]"
000000565675.jpg,"[602.8472900390625, 221.65087890625, 36.96649, 6.8477936]"
000000565675.jpg,"[565.7010498046875, 229.09263610839844, 26.021301, 10.532867]"
000000565675.jpg,"[574.9398193359375, 239.52999877929688, 8.808411, 13.377106]"
000000565675.jpg,"[627.8955078125, 222.39645385742188, 18.456116, 4.0891266]"
000000565675.jpg,"[569.135498046875, 231.64329528808594, 18.65509, 12.92807]"
000000565675.jpg,"[612.9342041015625, 221.59469604492188, 17.875305, 5.3045044]"
000000565675.jpg,"[315.4765319824219, 237.76235961914062, 20.396362, 20.17656]"
000000565675.jpg,"[607.783203125, 236.6690673828125, 59.034973, 20.82045]"
000000564936.jpg,"[18.905210494995117, 71.18238067626953, 36.93379, 21.505234]"
000000564936.jpg,"[7.707185745239258, 62.716285705566406, 15.200438, 8.993107]"
000000558570.jpg,"[544.2355346679688, 168.09747314453125, 186.65747, 76.7251]"
000000558570.jpg,"[522.4986572265625, 137.96658325195312, 36.000427, 28.960548]"
000000495310.jpg,"[616.5933227539062, 245.20578002929688, 45.260254, 65.666565]"
000000495310.jpg,"[605.85791015625, 203.68118286132812, 66.5462, 38.37674]"
000000495310.jpg,"[170.62124633789062, 252.08912658691406, 336.97083, 343.54446]"
000000495310.jpg,"[337.1109924316406, 203.8983154296875, 16.987122, 6.028015]"
000000367509.jpg,"[333.5683898925781, 131.2529296875, 49.9729, 29.727737]"
000000367509.jpg,"[424.61639404296875, 196.3251953125, 165.64291, 86.1001]"
000000367509.jpg,"[237.41493225097656, 129.91964721679688, 56.82419, 16.0504]"
000000367509.jpg,"[242.46408081054688, 129.67236328125, 26.96167, 15.078171]"
000000368626.jpg,"[139.931640625, 348.43133544921875, 18.432709, 10.6716]"
000000368626.jpg,"[116.2845687866211, 350.35528564453125, 23.801163, 7.565155]"
000000368626.jpg,"[244.524169921875, 350.276123046875, 15.409897, 6.3525085]"
000000430690.jpg,"[453.76025390625, 259.417236328125, 50.422607, 31.530334]"
000000430690.jpg,"[344.9354248046875, 249.70541381835938, 17.052795, 11.341995]"
000000430690.jpg,"[373.8201904296875, 270.2204895019531, 56.826477, 37.960037]"
000000430690.jpg,"[423.0767822265625, 256.0237731933594, 34.635162, 27.468887]"
000000430690.jpg,"[402.0059509277344, 253.4605712890625, 24.449158, 22.635727]"
000000430690.jpg,"[385.45855712890625, 245.80035400390625, 17.786713, 10.080063]"
000000430690.jpg,"[283.44677734375, 245.37515258789062, 9.932312, 9.768387]"
000000528019.jpg,"[22.048114776611328, 199.26168823242188, 44.037125, 15.294785]"
000000528019.jpg,"[321.89984130859375, 272.83563232421875, 524.5963, 263.91916]"
000000102599.jpg,"[126.96302795410156, 123.33863067626953, 59.639862, 22.978806]"
000000102599.jpg,"[469.1534423828125, 130.26824951171875, 15.464874, 18.99601]"
000000102599.jpg,"[15.84020709991455, 147.8484649658203, 30.518656, 35.626495]"
000000102599.jpg,"[51.82452392578125, 167.51260375976562, 103.64905, 23.237793]"
000000102599.jpg,"[15.593721389770508, 167.5697784423828, 31.187443, 23.10962]"
000000330516.jpg,"[28.14898681640625, 150.8223114013672, 56.297974, 36.779785]"
000000330516.jpg,"[24.76531410217285, 197.771728515625, 49.53063, 76.63956]"
000000330516.jpg,"[350.54150390625, 155.87301635742188, 120.27786, 45.39688]"
000000330516.jpg,"[132.55477905273438, 158.2225341796875, 146.17369, 43.05336]"
000000330516.jpg,"[294.7440490722656, 154.31646728515625, 88.872696, 42.979507]"
000000330516.jpg,"[204.4151153564453, 147.20497131347656, 110.85623, 47.394554]"
000000330516.jpg,"[512.2034912109375, 171.21688842773438, 251.78207, 71.81111]"
000000330516.jpg,"[140.0428924560547, 133.6722412109375, 28.570099, 7.906021]"
000000460461.jpg,"[168.3248291015625, 201.78982543945312, 58.22316, 20.635086]"
000000460461.jpg,"[330.7996826171875, 199.5062713623047, 60.634735, 20.156708]"
000000203680.jpg,"[617.3778076171875, 302.28448486328125, 42.347656, 26.890625]"
000000533311.jpg,"[86.54901885986328, 215.9307403564453, 45.810802, 30.616516]"
000000533311.jpg,"[118.70759582519531, 215.11248779296875, 21.66874, 19.609589]"
000000533311.jpg,"[124.75686645507812, 215.32958984375, 11.729683, 18.891724]"
000000102405.jpg,"[35.43486785888672, 202.27725219726562, 68.45769, 22.855087]"
000000102405.jpg,"[520.9019775390625, 164.91998291015625, 121.143616, 68.97774]"
000000102405.jpg,"[416.1937561035156, 163.35659790039062, 64.46472, 27.814102]"
000000102405.jpg,"[342.6212158203125, 169.24964904785156, 31.947449, 23.279999]"
000000102405.jpg,"[261.7496643066406, 173.8973388671875, 19.414978, 15.870483]"
000000102405.jpg,"[359.8486328125, 162.78219604492188, 28.763824, 17.809448]"
000000102405.jpg,"[375.25030517578125, 159.33961486816406, 19.8414, 19.421936]"
000000102405.jpg,"[18.31674575805664, 187.07568359375, 35.50032, 23.25978]"
000000102405.jpg,"[352.65179443359375, 164.79592895507812, 25.445038, 19.429977]"
000000526514.jpg,"[120.88948059082031, 257.83013916015625, 44.854614, 25.362701]"
000000526514.jpg,"[350.9468688964844, 284.2405090332031, 118.085815, 49.85858]"
000000526514.jpg,"[172.53941345214844, 264.4878234863281, 44.49774, 23.403885]"
000000526514.jpg,"[85.11508178710938, 256.613037109375, 26.902863, 17.170883]"
000000526514.jpg,"[67.78687286376953, 334.3256530761719, 135.57375, 183.62468]"
000000526514.jpg,"[58.48307800292969, 273.47198486328125, 49.930344, 29.63501]"
000000526514.jpg,"[40.82371520996094, 252.97744750976562, 26.155842, 10.076294]"
000000526514.jpg,"[67.66726684570312, 256.23504638671875, 14.55349, 18.422882]"
000000526514.jpg,"[220.1222381591797, 269.08740234375, 18.440979, 21.06845]"
000000526514.jpg,"[220.10049438476562, 264.16632080078125, 17.090118, 10.999359]"
000000526514.jpg,"[560.5509033203125, 264.612060546875, 150.18744, 88.58823]"
000000526514.jpg,"[58.70627212524414, 251.01686096191406, 11.339394, 10.023956]"
000000264828.jpg,"[100.5078125, 256.9039306640625, 47.700127, 21.297684]"
000000264828.jpg,"[198.104736328125, 252.54232788085938, 16.114792, 11.855652]"
000000264828.jpg,"[310.53448486328125, 250.774169921875, 17.057343, 8.328323]"
000000431152.jpg,"[215.85299682617188, 279.138916015625, 62.96611, 48.572098]"
000000431152.jpg,"[268.8455505371094, 266.6280517578125, 25.621826, 26.308868]"
000000431152.jpg,"[183.91848754882812, 273.42205810546875, 22.846298, 33.543976]"
000000431152.jpg,"[309.87933349609375, 267.2951354980469, 61.0961, 41.713074]"
000000431152.jpg,"[251.115478515625, 263.74798583984375, 12.81517, 21.283127]"
000000431152.jpg,"[241.91439819335938, 262.05633544921875, 15.794617, 18.034225]"
000000431152.jpg,"[261.5393371582031, 265.5971984863281, 12.534134, 22.532776]"
000000431152.jpg,"[251.3773193359375, 264.1209716796875, 28.657944, 21.339188]"
000000431152.jpg,"[146.0711669921875, 248.92742919921875, 22.69545, 14.015915]"
000000431152.jpg,"[175.78543090820312, 257.3858642578125, 26.280167, 29.460098]"
000000328978.jpg,"[457.25189208984375, 104.76470184326172, 53.311035, 63.116165]"
000000328978.jpg,"[328.49627685546875, 110.58732604980469, 15.205231, 31.507484]"
000000328978.jpg,"[434.31451416015625, 100.98724365234375, 94.20474, 60.089966]"
000000170754.jpg,"[294.324462890625, 232.42813110351562, 50.306427, 23.53682]"
000000170754.jpg,"[322.7705383300781, 235.03509521484375, 20.33197, 14.649216]"
000000330455.jpg,"[380.15057373046875, 345.488525390625, 196.76395, 144.04227]"
000000330455.jpg,"[310.5845947265625, 249.18789672851562, 55.10672, 40.16255]"
000000330455.jpg,"[514.6654052734375, 230.96673583984375, 26.605713, 23.48207]"
000000330455.jpg,"[348.67041015625, 261.22259521484375, 64.4155, 48.589905]"
000000330455.jpg,"[274.7496337890625, 238.81817626953125, 23.327362, 32.12883]"
000000330455.jpg,"[374.02581787109375, 232.75083923339844, 36.39023, 20.266663]"
000000330455.jpg,"[409.1431579589844, 273.26605224609375, 86.59424, 27.062592]"
000000330455.jpg,"[299.1727294921875, 228.47024536132812, 29.60147, 10.709335]"
000000330455.jpg,"[299.28192138671875, 233.49468994140625, 31.087738, 18.928574]"
000000330455.jpg,"[296.6597900390625, 238.81341552734375, 40.751923, 30.824448]"
000000332877.jpg,"[412.26141357421875, 168.75082397460938, 108.397064, 93.193474]"
000000332877.jpg,"[577.0577392578125, 186.1754608154297, 125.10266, 120.650215]"
000000332877.jpg,"[272.10760498046875, 149.21005249023438, 95.64505, 81.87208]"
000000332877.jpg,"[227.5404052734375, 132.0878448486328, 35.570465, 39.927406]"
000000332877.jpg,"[95.439208984375, 133.41259765625, 14.578911, 23.292122]"
000000332877.jpg,"[87.14496612548828, 131.7147674560547, 32.082703, 26.977211]"
000000332877.jpg,"[330.29888916015625, 130.49050903320312, 30.786407, 28.940742]"
000000332877.jpg,"[124.85182189941406, 117.49037170410156, 16.5383, 10.611748]"
000000332877.jpg,"[158.22225952148438, 120.60650634765625, 18.360748, 7.5794067]"
000000332877.jpg,"[172.60891723632812, 116.14183044433594, 10.915817, 6.2579117]"
000000332877.jpg,"[160.7712860107422, 119.27246856689453, 29.92807, 11.221313]"
000000332877.jpg,"[208.7904052734375, 120.33999633789062, 18.27742, 14.386574]"
000000332877.jpg,"[328.11627197265625, 120.60932922363281, 27.384186, 11.631142]"
000000332877.jpg,"[160.40048217773438, 116.23628234863281, 13.8094635, 5.9591904]"
000000203870.jpg,"[145.35171508789062, 370.01019287109375, 46.927643, 13.535828]"
000000203870.jpg,"[85.0376205444336, 405.9278564453125, 170.07524, 59.434357]"
000000203870.jpg,"[273.9319152832031, 354.7435607910156, 10.037781, 13.24762]"
000000203870.jpg,"[22.499696731567383, 375.4154357910156, 44.745556, 20.85962]"
000000203870.jpg,"[308.296630859375, 356.03497314453125, 10.973663, 8.404205]"
000000203870.jpg,"[169.791748046875, 361.6880798339844, 33.610672, 13.440613]"
000000203870.jpg,"[323.9937744140625, 355.55450439453125, 14.140198, 9.291718]"
000000203870.jpg,"[340.24267578125, 355.1300048828125, 12.016876, 9.329651]"
000000203870.jpg,"[372.0814208984375, 354.15911865234375, 44.448883, 9.504944]"
000000203870.jpg,"[295.4359130859375, 354.6617126464844, 6.299652, 10.953857]"
000000203870.jpg,"[39.21000671386719, 373.9251403808594, 28.134495, 9.96814]"
000000203870.jpg,"[372.7810974121094, 358.1970520019531, 47.20117, 15.578003]"
000000203870.jpg,"[327.69268798828125, 354.75909423828125, 7.267151, 11.584778]"
000000203870.jpg,"[333.263427734375, 353.4009094238281, 8.874054, 10.398499]"
000000203870.jpg,"[336.3178405761719, 354.1038818359375, 16.02417, 10.798065]"
000000203870.jpg,"[373.0221862792969, 353.8988037109375, 23.295471, 6.799225]"
000000203870.jpg,"[294.79486083984375, 356.88079833984375, 5.460846, 6.4524536]"
000000203870.jpg,"[357.0645751953125, 352.52581787109375, 12.132568, 7.784424]"
000000491830.jpg,"[62.91317367553711, 451.20709228515625, 41.919777, 30.707153]"
000000491830.jpg,"[24.673158645629883, 450.3584899902344, 48.966564, 38.630493]"
000000491830.jpg,"[288.724609375, 463.2807312011719, 131.64073, 31.962402]"
000000491830.jpg,"[369.73248291015625, 461.7008056640625, 58.888824, 33.94986]"
000000491830.jpg,"[239.99435424804688, 404.5731201171875, 19.142899, 11.578552]"
000000491830.jpg,"[255.41943359375, 441.90380859375, 53.08264, 37.08261]"
000000491830.jpg,"[296.4182434082031, 442.8106384277344, 79.40851, 15.629272]"
000000491830.jpg,"[9.612930297851562, 414.274658203125, 18.998531, 18.736908]"
000000491830.jpg,"[389.89227294921875, 455.51177978515625, 36.532776, 32.68103]"
000000491830.jpg,"[279.337646484375, 442.92877197265625, 89.563126, 28.43576]"
000000562708.jpg,"[522.5059814453125, 257.9052734375, 16.09253, 8.559708]"
000000562708.jpg,"[618.3118896484375, 262.8304138183594, 16.997986, 12.46936]"
000000562708.jpg,"[128.52146911621094, 275.32354736328125, 84.733696, 88.920364]"
000000562708.jpg,"[184.63250732421875, 269.6952819824219, 51.378586, 46.27388]"
000000562708.jpg,"[212.77728271484375, 263.94244384765625, 24.143555, 31.177917]"
000000562708.jpg,"[461.66754150390625, 258.20062255859375, 18.808594, 13.338409]"
000000562708.jpg,"[416.86431884765625, 262.1955871582031, 11.336487, 11.878052]"
000000562708.jpg,"[631.2345581054688, 255.41189575195312, 13.883423, 10.604187]"
000000562708.jpg,"[442.8599853515625, 260.1466064453125, 18.842804, 11.822311]"
000000562708.jpg,"[426.8648681640625, 260.9648742675781, 15.995697, 12.111877]"
000000562708.jpg,"[604.5437622070312, 276.71551513671875, 25.744019, 20.104034]"
000000562708.jpg,"[490.2904052734375, 257.99951171875, 12.560028, 8.378693]"
000000562708.jpg,"[607.4759521484375, 268.063720703125, 18.774292, 10.9218445]"
000000562708.jpg,"[496.740234375, 256.90625, 14.750824, 10.323456]"
000000562708.jpg,"[548.2963256835938, 256.50177001953125, 19.725098, 7.062378]"
000000562708.jpg,"[579.7646484375, 254.03985595703125, 9.249451, 5.894394]"
000000562708.jpg,"[572.2264404296875, 252.82925415039062, 7.536804, 6.357071]"
000000562708.jpg,"[420.368896484375, 261.40380859375, 12.137482, 12.693207]"
000000562708.jpg,"[440.573974609375, 259.96209716796875, 40.42752, 12.502045]"
000000562708.jpg,"[574.325927734375, 253.16232299804688, 17.96405, 7.0408325]"
000000562708.jpg,"[635.519775390625, 255.12899780273438, 8.099548, 11.100891]"
000000562708.jpg,"[421.450927734375, 243.97799682617188, 14.912018, 11.431717]"
000000562708.jpg,"[568.969970703125, 252.8444366455078, 15.903931, 6.4076233]"
000000562708.jpg,"[542.4725952148438, 256.287841796875, 8.466553, 6.7412415]"
000000167273.jpg,"[382.88128662109375, 501.596435546875, 87.62369, 83.91467]"
000000167273.jpg,"[280.5232849121094, 408.0586242675781, 55.913773, 43.224]"
000000267802.jpg,"[148.31729125976562, 277.44964599609375, 63.740387, 37.60788]"
000000267802.jpg,"[368.4496154785156, 281.9183349609375, 128.72107, 67.16292]"
000000267802.jpg,"[207.73043823242188, 282.3076171875, 28.886444, 35.875732]"
000000267802.jpg,"[212.04705810546875, 262.078125, 21.394394, 12.572159]"
000000267802.jpg,"[61.517066955566406, 269.98809814453125, 20.18042, 21.011444]"
000000267802.jpg,"[59.33891677856445, 251.30706787109375, 24.761452, 14.723007]"
000000264268.jpg,"[312.3207702636719, 392.4227294921875, 624.64154, 169.2066]"
000000264268.jpg,"[303.6163635253906, 187.94210815429688, 18.779541, 20.758041]"
000000264268.jpg,"[212.76441955566406, 183.7171630859375, 13.7300415, 6.674881]"
000000264268.jpg,"[284.05242919921875, 181.07913208007812, 23.04538, 18.754501]"
000000270004.jpg,"[353.6055603027344, 49.1310920715332, 42.78888, 36.161583]"
000000270004.jpg,"[305.6551208496094, 36.41259002685547, 16.99121, 25.7559]"
000000270004.jpg,"[365.8779296875, 27.79630470275879, 16.07779, 7.788574]"
000000270004.jpg,"[332.68951416015625, 40.23145294189453, 45.8851, 41.922417]"
