image,box_XYXY
000000497001.jpg,[356.18796 137.24289 497.68048 189.6006 ]
000000497001.jpg,[ 21.31574  82.26607 493.64227 357.25296]
000000497001.jpg,[  0.        95.98969   47.972015 162.36157 ]
000000497001.jpg,[327.7503   123.306984 370.9163   146.67937 ]
000000497001.jpg,[376.5663   117.229515 432.35593  142.40045 ]
000000497001.jpg,[  0.3610171 316.76984    14.185088  359.44125  ]
000000497001.jpg,[364.72522 123.95122 384.41794 140.3015 ]
000000497001.jpg,[320.26413  113.315926 357.02667  124.97684 ]
000000497001.jpg,[429.57053 123.87065 450.0661  133.21172]
000000497001.jpg,[445.8031  127.35254 477.9737  135.18866]
000000237685.jpg,[313.42676 262.59793 640.      530.5019 ]
000000237685.jpg,[212.92471 313.17413 238.8177  327.95944]
000000237685.jpg,[137.91983 308.54016 171.25833 334.29672]
000000237685.jpg,[179.83554 310.8016  213.64801 330.6    ]
000000237685.jpg,[ 88.573204 302.38794  139.09549  336.73367 ]
000000237685.jpg,[243.83199 307.49362 262.65253 326.44406]
000000204206.jpg,[  1.2097478 231.38539   133.89519   308.97968  ]
000000366103.jpg,[297.63162 236.63731 639.60956 355.3941 ]
000000366103.jpg,[  0.      157.03369 185.27211 294.26767]
000000393634.jpg,[622.8653  267.38138 639.8163  328.41226]
000000393634.jpg,[208.4932  261.9933  290.88623 308.65082]
000000393634.jpg,[366.04688 284.64722 433.90353 318.26135]
000000431177.jpg,[ 12.675131 222.63991   69.76661  246.68268 ]
000000431177.jpg,[186.33925 202.74289 409.96045 276.1069 ]
000000431177.jpg,[387.66046 221.08961 414.1039  272.48386]
000000232675.jpg,[540.21216 281.83484 640.      433.93588]
000000232675.jpg,[591.3999  185.27916 640.      221.66658]
000000232675.jpg,[352.05807 202.8054  630.39355 375.49493]
000000461226.jpg,[290.9246  138.7533  396.91415 184.13972]
000000461226.jpg,[  0.       161.45766  108.858376 222.94006 ]
000000461226.jpg,[253.88837 150.35362 297.62808 178.01712]
000000461226.jpg,[150.7451  152.07005 176.23613 172.98009]
000000461226.jpg,[205.1051  153.58286 278.41562 185.98145]
000000461226.jpg,[1.2229610e-02 1.6581776e+02 1.3366841e+01 1.8537692e+02]
000000461226.jpg,[358.43774 141.24277 396.28384 182.36327]
000000461226.jpg,[ 86.20551 134.41402 159.62485 199.31288]
000000461226.jpg,[292.64206 143.09222 345.47525 182.66623]
000000461226.jpg,[  0.       167.97858    6.107823 187.4089  ]
000000461226.jpg,[209.95029 145.14207 226.62889 153.85942]
000000335041.jpg,[429.06    188.42754 471.17056 211.7357 ]
000000335041.jpg,[482.697   190.5665  638.54114 279.8984 ]
000000335041.jpg,[329.90802 185.88295 352.62213 203.89786]
000000335041.jpg,[455.3798  189.80692 516.042   217.17249]
000000335041.jpg,[284.83597 186.07837 333.71524 209.1095 ]
000000335041.jpg,[  0.      159.27493 103.17631 261.97382]
000000335041.jpg,[350.71216 191.81223 360.23502 201.52475]
000000335041.jpg,[263.34146 180.81355 305.81625 211.33978]
000000335041.jpg,[320.5517  191.29599 340.8091  206.51129]
000000335041.jpg,[282.53894 186.19229 308.84937 209.39354]
000000335041.jpg,[393.44086 194.078   406.2652  202.75616]
000000335041.jpg,[406.7723  191.23457 434.12726 207.05367]
000000466523.jpg,[185.04033 193.77995 377.33884 257.5699 ]
000000466523.jpg,[  7.430388 170.8877   183.73343  272.26138 ]
000000466523.jpg,[1.11137554e-01 1.76542114e+02 1.21685019e+01 2.13943085e+02]
000000466523.jpg,[219.24673 196.70705 228.74593 209.63474]
000000466523.jpg,[220.24788 196.96837 247.74727 209.41774]
000000393641.jpg,[399.99536 112.29819 640.      236.00392]
000000268512.jpg,[396.31372 115.16852 491.64786 232.2087 ]
000000268512.jpg,[527.80884 117.28507 639.9288  209.55489]
000000268512.jpg,[ 96.97207  78.91539 281.53146 274.8247 ]
000000268512.jpg,[270.65015 122.2437  391.75314 252.70929]
000000268512.jpg,[302.12134 115.90671 463.4626  237.16777]
000000038751.jpg,[390.21057  92.93377 640.      271.9377 ]
000000038751.jpg,[521.7556   84.2942  638.9118  129.72961]
000000038751.jpg,[ 10.4096    38.263634 593.87695  425.69592 ]
000000038751.jpg,[549.30414 105.26034 638.76013 153.04729]
000000038751.jpg,[504.61096   89.658485 531.54663  105.5902  ]
000000038751.jpg,[376.73956  95.17441 629.12415 163.06612]
000000494174.jpg,[  9.438203  55.30986  245.88109  197.37874 ]
000000494174.jpg,[  0.      154.64006 362.63144 345.98703]
000000494174.jpg,[149.80736   54.125923 252.75706  153.39296 ]
000000498758.jpg,[  0.      108.88852 146.29153 314.80234]
000000265799.jpg,[361.65964  75.2197  640.      208.58469]
000000265799.jpg,[  0.        81.58476   65.889565 131.53851 ]
000000265799.jpg,[297.34387 105.28446 311.2376  118.87852]
000000265799.jpg,[366.8969   85.11562 493.69586 134.60098]
000000265799.jpg,[338.03708 108.0599  355.76572 119.20366]
000000265799.jpg,[230.08307  101.890854 264.51297  123.218956]
000000265799.jpg,[234.00533  90.45802 291.73428 122.43393]
000000265799.jpg,[186.34933   93.389435 245.63744  121.13173 ]
000000265799.jpg,[ 25.230856  77.85296  608.8433   363.08615 ]
000000201859.jpg,[524.8207  226.55406 640.      355.9978 ]
000000201859.jpg,[384.3235  194.44171 598.0874  259.91354]
000000201859.jpg,[153.27367 199.18991 240.0956  233.75003]
000000201859.jpg,[352.9817  187.82799 374.6514  208.685  ]
000000201859.jpg,[267.91757 193.1566  294.12915 216.4618 ]
000000201859.jpg,[173.87834 171.75604 187.96326 178.59349]
000000201859.jpg,[301.92816 200.72417 319.5892  221.17128]
000000201859.jpg,[140.97525 166.17543 157.65259 176.37532]
000000073163.jpg,[108.46419 170.35536 151.85767 184.64459]
000000073163.jpg,[443.6593  182.20438 626.79614 238.34286]
000000073163.jpg,[140.36378 167.82175 172.9172  181.9739 ]
000000073163.jpg,[ 61.17949 171.78633  82.76312 184.65088]
000000073163.jpg,[587.5615  169.33058 622.01587 181.46483]
000000073163.jpg,[  1.8057323 160.51857    64.891464  210.01668  ]
000000073163.jpg,[558.79535 171.18411 586.869   182.19113]
000000073163.jpg,[ 94.779335 167.94019  113.73787  183.30666 ]
000000073163.jpg,[347.29153 169.65553 367.33444 176.25183]
000000073163.jpg,[609.5805  169.07706 630.9824  179.49275]
000000073163.jpg,[258.51465 168.61073 277.77252 177.4389 ]
000000073163.jpg,[189.30989 169.428   215.63513 184.83122]
000000073163.jpg,[278.63947 168.94234 290.5044  175.93404]
000000073163.jpg,[238.70854 174.05896 251.27887 180.69962]
000000073163.jpg,[173.05437 170.36201 185.24629 175.93051]
000000073163.jpg,[247.42093 168.16965 284.0882  180.0744 ]
000000073163.jpg,[158.93385 168.35333 173.43747 180.90862]
000000073163.jpg,[277.35458 169.79091 290.94623 179.97911]
000000073163.jpg,[246.86502 167.36708 260.06213 177.34227]
000000073163.jpg,[256.01508 171.7613  278.36865 179.82175]
000000073163.jpg,[543.43    172.43701 559.7735  180.98505]
000000166637.jpg,[138.26811 298.70926 324.1198  364.0707 ]
000000166637.jpg,[  0.      328.9327  403.81836 631.6922 ]
000000561126.jpg,[381.28003   84.426994 451.87708  121.20393 ]
000000561126.jpg,[507.77316 112.56308 640.      220.30223]
000000561126.jpg,[437.06366   70.45032  511.2544   116.800896]
000000561126.jpg,[574.4053   70.71994 611.5071   93.63086]
000000561126.jpg,[486.01007  73.08024 550.8729  110.17501]
000000561126.jpg,[ 65.95818  81.2717  586.1767  378.9231 ]
000000561126.jpg,[533.7558   78.35213 574.1812  104.73048]
000000561126.jpg,[  0.65650874  90.9222      25.159096   119.49297   ]
000000561126.jpg,[614.02966  70.06761 639.058    89.94448]
000000561126.jpg,[199.23637  83.45391 219.0266   97.69711]
000000561126.jpg,[510.0543   75.80895 573.2125  108.379  ]
000000561126.jpg,[193.99788  85.91873 211.01723  98.78572]
000000561126.jpg,[617.4821   84.66244 628.8131   97.53573]
000000561126.jpg,[180.11166   82.560326 216.83896   98.955505]
000000036639.jpg,[519.74554 176.92154 639.81024 231.37946]
000000036639.jpg,[426.43945 177.54459 519.51874 220.7198 ]
000000036639.jpg,[3.2275189e-02 1.7681165e+02 3.6400364e+01 1.9686465e+02]
000000036639.jpg,[ 77.30761 181.1308  107.20506 202.17308]
000000036639.jpg,[3.3451724e-01 3.0759393e+02 3.9024891e+01 4.0207129e+02]
000000036639.jpg,[ 20.69324 135.24565 439.60254 396.3254 ]
000000465266.jpg,[437.3974  277.06854 543.74854 340.78918]
000000068261.jpg,[ 74.967224 249.76547  148.60574  291.2678  ]
000000068261.jpg,[168.27776 247.53766 216.79819 282.3708 ]
000000068261.jpg,[379.26163 238.34084 394.23636 250.68623]
000000068261.jpg,[308.71112 243.5914  331.7686  261.17828]
000000068261.jpg,[  0.      250.89078  83.66627 300.4025 ]
000000068261.jpg,[444.1034  240.88158 462.61707 254.72957]
000000068261.jpg,[432.95316 237.91998 448.25925 250.92941]
000000068261.jpg,[256.93063 246.62523 278.27603 268.45493]
000000068261.jpg,[464.65057 232.35323 502.74554 267.0511 ]
000000068261.jpg,[221.05013 242.16643 262.00833 272.43744]
000000068261.jpg,[405.0421  233.78433 432.6194  257.0212 ]
000000068261.jpg,[206.82062 251.70108 235.22331 274.82675]
000000068261.jpg,[364.4951  239.13213 375.73898 253.01678]
000000068261.jpg,[340.96185 235.55522 366.01575 255.40054]
000000068261.jpg,[285.38156 241.94498 312.41962 264.16626]
000000068261.jpg,[274.024   246.61278 295.3906  267.14236]
000000068261.jpg,[392.60178 238.9528  402.29492 249.56969]
000000068261.jpg,[283.02567 244.55534 299.0203  265.38333]
000000068261.jpg,[397.65805 239.29129 403.67914 248.66824]
000000039040.jpg,[318.26477 240.51543 639.40753 359.5643 ]
000000106072.jpg,[196.23924 156.65321 563.2863  338.46045]
000000106072.jpg,[513.8966  133.54243 556.07227 149.37592]
000000106072.jpg,[627.56573 143.88084 639.00586 150.5029 ]
000000106072.jpg,[604.8582  145.59969 613.48334 149.96533]
000000106072.jpg,[548.2609  139.93289 555.64087 148.55785]
000000337042.jpg,[343.70126 285.81412 498.85944 331.55524]
000000337042.jpg,[ 40.049774 220.45381  293.4905   299.46283 ]
000000337042.jpg,[289.43295 230.22798 304.1443  237.46461]
000000337042.jpg,[211.3349  226.0976  226.79674 236.96916]
000000531614.jpg,[ 16.917677  99.2745   555.183    315.78424 ]
000000465537.jpg,[  0.        24.352375 471.97354  358.0371  ]
000000465537.jpg,[372.2557      0.6902338 480.        111.07058  ]
000000465537.jpg,[161.44571      0.76494956 316.60645     80.825035  ]
000000465537.jpg,[ 0.45385897  6.9447746  77.48132    42.877415  ]
000000465537.jpg,[ 58.40679    9.832732 110.44352   30.617785]
000000465537.jpg,[ 63.378345  19.050175 111.01363   30.567411]
000000565797.jpg,[ 17.775688  17.867538 627.12866  436.99176 ]
000000561570.jpg,[ 46.86364 233.25424 276.92746 345.1261 ]
000000561570.jpg,[547.7719  206.34709 574.00745 229.25374]
000000561570.jpg,[293.2718  209.92561 301.7891  216.3093 ]
000000561570.jpg,[272.7283  212.87622 299.0187  225.94257]
000000561570.jpg,[278.61902 212.65498 292.03595 217.56288]
000000204889.jpg,[360.2031  191.1085  423.62253 255.65924]
000000204889.jpg,[  7.143928 181.80804  189.52666  253.77135 ]
000000204889.jpg,[376.75854  77.81518 636.7054  424.01993]
000000204889.jpg,[289.3695  151.96828 434.5145  235.67046]
000000234819.jpg,[425.23795  60.04226 550.5819  146.79648]
000000234819.jpg,[540.2627    43.405445 639.53094  135.02393 ]
000000234819.jpg,[518.0366    50.205074 565.8759    77.48568 ]
000000461494.jpg,[513.0536  317.1569  638.93896 465.14587]
000000461494.jpg,[ 46.44901 249.4885  104.9728  304.7013 ]
000000461494.jpg,[ 49.56388 229.95906  74.73411 252.0204 ]
000000230712.jpg,[332.37668 232.36578 398.55078 280.36594]
000000230712.jpg,[  0.      210.9659  241.23766 354.96362]
000000230712.jpg,[221.37354 225.34474 287.792   272.96808]
000000230712.jpg,[207.6487  224.92834 266.32605 255.54613]
000000230712.jpg,[243.26357 226.26498 390.02835 273.82858]
000000230712.jpg,[  0.       238.49483   13.207521 258.6463  ]
000000230712.jpg,[174.47543 227.02332 204.27501 240.98784]
000000230712.jpg,[  0.       238.35745   13.134812 246.59224 ]
000000230712.jpg,[367.65207 229.94122 402.4035  276.1458 ]
000000230712.jpg,[309.14816 227.58981 326.02695 273.45978]
000000335840.jpg,[402.6469  250.30992 520.06555 318.04248]
000000329239.jpg,[309.4829  107.27055 385.31088 189.00949]
000000329239.jpg,[  9.019805  93.25346  112.64081  183.11098 ]
000000329239.jpg,[153.00807  74.51929 328.31354 203.96259]
000000329239.jpg,[420.4053   64.79295 580.1098  208.75545]
000000201899.jpg,[261.81924 275.81076 370.9612  313.17496]
000000201899.jpg,[  0.5241234 164.74489   197.74545   439.10016  ]
000000201899.jpg,[367.86725 142.49155 425.56677 424.96323]
000000201899.jpg,[349.06967 280.69708 369.89157 287.5646 ]
000000169499.jpg,[402.82196  80.93187 626.7952  283.29327]
000000169499.jpg,[ 59.657204  80.019516 555.51434  376.1294  ]
000000169499.jpg,[252.5225    46.401077 271.21664   80.18875 ]
000000268251.jpg,[ 73.83348 151.42245 188.33948 237.69724]
000000268251.jpg,[  0.      187.32808 145.42032 371.94034]
000000268251.jpg,[177.65721 155.11374 207.25397 189.65875]
000000268251.jpg,[204.24048 150.33914 214.41887 162.35278]
000000268251.jpg,[181.36029 151.99437 208.8241  167.25636]
000000268251.jpg,[178.80458 150.0746  205.50522 158.07216]
000000068125.jpg,[344.61044 289.1545  424.25848 326.1944 ]
000000068125.jpg,[101.59984 303.35135 296.56055 386.37473]
000000068125.jpg,[514.94824 334.01706 639.31177 464.16797]
000000068125.jpg,[ 49.661217 254.21028   95.97306  273.04272 ]
000000068125.jpg,[375.42303 267.8786  394.90878 280.99313]
000000068125.jpg,[396.69266 269.376   413.80188 282.82748]
000000068125.jpg,[428.2488  291.46988 438.6991  319.40652]
000000068125.jpg,[ 67.93919 211.33868 344.45694 337.6144 ]
000000229478.jpg,[2.7761388e-01 2.0505624e+02 1.2598017e+02 2.9028922e+02]
000000229478.jpg,[189.82126 193.1344  239.91998 240.85739]
000000229478.jpg,[1.06931716e-01 1.83082169e+02 5.86500893e+01 2.19819489e+02]
000000229478.jpg,[ 66.26304 195.97862  80.60617 206.87375]
000000229478.jpg,[ 48.514492 196.57104   68.143166 205.47804 ]
000000229478.jpg,[207.8272    27.799215 480.48798  416.79645 ]
000000367409.jpg,[ 25.638308 237.85847   38.74383  247.28    ]
000000367409.jpg,[ 73.15459 243.74446  79.21032 254.3245 ]
000000367409.jpg,[ 15.8578825 234.2858     26.964308  243.32819  ]
000000367409.jpg,[ 67.08993  241.68398   73.531075 251.82889 ]
000000367409.jpg,[ 36.35018 225.95981  68.09954 257.8313 ]
000000367409.jpg,[ 69.98002 242.319    78.5023  252.84802]
000000367409.jpg,[ 76.79747 243.17635  79.81602 254.9136 ]
000000524533.jpg,[548.4066  313.07083 639.73047 424.31992]
000000524533.jpg,[  0.41259155 259.85825     65.16347    293.17142   ]
000000532732.jpg,[307.59146    8.984144 631.6475   272.121   ]
000000532732.jpg,[  0.          1.5408554 201.25764    50.690052 ]
000000559166.jpg,[146.34131 256.04044 440.94296 390.66446]
000000559166.jpg,[428.719   330.60074 478.9487  463.018  ]
000000559166.jpg,[ 11.821426 240.73239   65.80899  300.5041  ]
000000559166.jpg,[452.4455  302.91782 479.96964 330.6681 ]
000000559166.jpg,[ 55.89248 261.20615 105.15236 302.68167]
000000200335.jpg,[  0.27446815 217.22273     84.78265    265.0601    ]
000000200335.jpg,[133.46848 183.29984 201.46689 220.5418 ]
000000200335.jpg,[186.68301 204.97801 279.3036  244.30109]
000000200335.jpg,[144.22719 160.90797 200.74188 193.39542]
000000200335.jpg,[248.46864   85.61147  287.71442  110.321175]
000000200335.jpg,[ 60.60502 115.01494 116.38995 148.04924]
000000200335.jpg,[226.05707   89.08372  234.4598   107.780655]
000000200335.jpg,[246.00496  64.37274 285.46222  96.298  ]
000000466971.jpg,[  0.      224.83022 256.1261  353.83987]
000000035105.jpg,[140.2659  122.41854 396.22638 209.75974]
000000035105.jpg,[354.55893 155.31203 400.72287 191.09682]
000000435163.jpg,[217.27731 544.5079  311.74    604.78827]
000000435163.jpg,[301.49197 551.14734 353.5336  593.3503 ]
000000435163.jpg,[336.30685 540.8279  388.5628  585.1471 ]
000000435163.jpg,[ 93.724335 572.28876  220.56937  621.71954 ]
000000435163.jpg,[416.09592 552.49316 427.26105 571.6126 ]
000000131160.jpg,[258.5078  415.50708 377.98782 426.91632]
000000131160.jpg,[ 86.534164 403.07504  117.19936  413.4208  ]
000000131160.jpg,[535.4003  395.21674 543.49365 401.98672]
000000131160.jpg,[520.344   394.41064 536.2284  401.64404]
000000131160.jpg,[209.8161  405.0523  222.11307 413.16965]
000000131160.jpg,[143.11111 403.04596 174.82172 414.06366]
000000037771.jpg,[473.50433 215.88635 527.6105  252.61903]
000000037771.jpg,[465.83316 210.22176 501.0149  228.76773]
000000037771.jpg,[  0.      225.19814  66.80678 280.062  ]
000000037771.jpg,[154.44241 213.5489  244.89362 267.59805]
000000037771.jpg,[441.32214 204.42357 469.66272 233.53365]
000000037771.jpg,[  0.       206.23906   68.210045 259.783   ]
000000037771.jpg,[559.25714 211.15723 588.42194 221.71593]
000000037771.jpg,[402.6487  277.826   481.71912 413.87244]
000000037771.jpg,[558.94617 212.49284 591.84094 247.66801]
000000037771.jpg,[559.5086 211.9102 585.0014 217.6828]
000000037771.jpg,[613.9419  208.9957  623.7429  217.16963]
000000037771.jpg,[252.62183 275.3852  474.9039  411.562  ]
000000172059.jpg,[240.15323 139.7426  493.54843 269.73944]
000000172059.jpg,[313.39694 210.44653 324.92157 218.18178]
000000172059.jpg,[416.20544 114.78813 435.69327 119.47655]
000000169360.jpg,[267.32486 134.83052 495.37317 257.8723 ]
000000237324.jpg,[ 95.68471 229.80553 157.69054 312.1903 ]
000000237324.jpg,[ 33.766674 263.61377  434.8659   633.69995 ]
000000237324.jpg,[146.25452 237.05719 185.62642 294.1468 ]
000000237324.jpg,[212.5072  258.96262 268.21024 278.5712 ]
000000237324.jpg,[215.84479 256.37094 355.30203 281.10605]
000000237324.jpg,[215.57562 235.79716 243.63542 261.83792]
000000237324.jpg,[164.00275 235.01752 205.7213  267.41187]
000000237324.jpg,[197.80388 233.72784 222.44235 272.09824]
000000237324.jpg,[318.00046 230.88194 331.76797 239.48882]
000000237324.jpg,[248.68198 245.14035 353.32156 277.75522]
000000237324.jpg,[255.99155 245.17159 273.9692  253.19205]
000000237324.jpg,[296.85986 257.4669  351.63528 281.03702]
000000303321.jpg,[414.21503 252.62823 611.0578  437.26425]
000000303321.jpg,[291.55487 264.85654 597.7987  499.9992 ]
000000433151.jpg,[188.5395  583.02905 327.34436 632.71124]
000000433151.jpg,[335.90872 529.9844  413.18817 640.     ]
000000262747.jpg,[ 73.02989  73.98516 509.9754  383.1093 ]
000000262747.jpg,[481.05032   66.284035 640.       241.54253 ]
000000262747.jpg,[412.77347  56.75292 570.252   116.46576]
000000262747.jpg,[568.66364  54.33269 637.6254   82.87132]
000000170683.jpg,[295.309   448.22507 476.59476 561.64923]
000000170683.jpg,[509.34094 414.48322 639.2307  491.20135]
000000170683.jpg,[118.99528 444.78864 309.77054 558.496  ]
000000170683.jpg,[  0.     416.4189  63.3476 474.8631]
000000170683.jpg,[352.66174 409.5057  512.92224 477.36688]
000000170683.jpg,[ 54.355415 415.52142  191.41624  463.70096 ]
000000170683.jpg,[195.67601 405.54382 290.6462  463.51666]
000000170683.jpg,[3.3688432e-01 4.5171524e+02 3.3596397e+01 5.0711038e+02]
000000170683.jpg,[ 65.574905 442.5831   165.29825  539.73706 ]
000000170683.jpg,[  0.6570925 416.523      44.316547  428.09357  ]
000000197807.jpg,[ 53.733315  62.666367 100.67487  112.88121 ]
000000197807.jpg,[315.4708  122.85345 634.6766  478.4164 ]
000000397628.jpg,[360.4203  390.0741  485.46628 439.32355]
000000397628.jpg,[296.71765 386.94223 368.27475 423.46597]
000000397628.jpg,[584.4444  373.0089  639.64886 425.56122]
000000397628.jpg,[184.43117 380.2796  291.12915 421.2184 ]
000000066156.jpg,[354.07428 196.0927  396.44345 224.35641]
000000066156.jpg,[386.23434 199.95413 449.32947 224.56657]
000000066156.jpg,[ 87.19171 179.96716 276.5337  308.09006]
000000066156.jpg,[266.59985 168.47433 447.67096 311.3409 ]
000000104249.jpg,[340.90848 113.17744 488.8979  169.86104]
000000104249.jpg,[  3.5979261 118.55286    74.99964   153.60364  ]
000000104249.jpg,[475.93973 127.28098 499.72366 166.1431 ]
000000104249.jpg,[ 20.986443 106.43934  226.3898   173.77881 ]
000000104249.jpg,[  0.       121.829506  13.244732 149.41914 ]
000000104249.jpg,[ 30.852528 100.42809  326.81665  299.5351  ]
000000104249.jpg,[ 17.13503 111.92564 135.60095 172.12381]
000000065643.jpg,[184.22867 234.55576 342.60907 279.28488]
000000065643.jpg,[  0.       243.05212   39.419525 314.12912 ]
000000065643.jpg,[ 14.501309 234.25835   69.45658  258.36465 ]
000000065643.jpg,[ 96.62972 235.89702 221.39922 279.75546]
000000065643.jpg,[ 59.918102 239.0538   352.51532  275.94482 ]
000000065643.jpg,[123.51442 250.06253 237.65048 330.0006 ]
000000065643.jpg,[247.91881 231.86673 514.1988  382.7283 ]
000000237201.jpg,[ 97.35391 124.98679 608.25323 332.5529 ]
000000299932.jpg,[ 26.158907  76.370285 170.22418  139.10843 ]
000000299932.jpg,[  0.        78.11922   36.833298 138.28732 ]
000000299932.jpg,[520.8725   65.04498 638.70026 134.60397]
000000299932.jpg,[345.0887   94.50302 385.9381  136.5405 ]
000000299932.jpg,[524.9514    59.929287 639.1122    91.25674 ]
000000299932.jpg,[166.21341   84.72823  209.2697   112.719376]
000000299932.jpg,[172.83032  66.30176 205.9473   86.43577]
000000299932.jpg,[156.33157   81.2141   177.9999    94.890015]
000000299932.jpg,[136.76297  78.4827  173.1975  143.30159]
000000168801.jpg,[131.41904 179.9506  197.75584 221.7523 ]
000000168801.jpg,[150.85269 179.21088 189.1168  196.73338]
000000168801.jpg,[142.36293 200.47166 176.81804 224.29105]
000000168801.jpg,[330.1859  185.76628 339.72266 190.32951]
000000168801.jpg,[128.35815 169.45076 149.97197 179.9974 ]
000000168801.jpg,[150.15692 179.55417 176.8045  191.94278]
000000168801.jpg,[224.56195 199.31949 248.43492 212.20891]
000000138022.jpg,[531.52704 319.43417 561.17816 344.92465]
000000138022.jpg,[ 61.29943 248.34744 548.2386  573.38055]
000000233477.jpg,[118.70997 302.24753 213.97437 357.0476 ]
000000233477.jpg,[ 24.197407 288.7561   127.68445  386.66098 ]
000000140008.jpg,[223.38525 248.91786 237.17807 260.87106]
000000140008.jpg,[203.79744 259.3702  223.43658 272.36172]
000000140008.jpg,[216.84512 255.58116 230.62325 266.72308]
000000140008.jpg,[235.06552 245.24548 244.13704 256.40982]
000000140008.jpg,[ 15.527088   9.207529 631.5848   448.      ]
000000140008.jpg,[214.27078 257.93893 225.23747 271.62192]
000000140008.jpg,[198.73663 260.7864  217.67712 278.88934]
000000140008.jpg,[247.01012 170.01811 456.66922 358.77673]
000000140008.jpg,[221.04074 252.6836  232.3272  263.93146]
000000140008.jpg,[203.97734 254.21724 230.29997 270.2463 ]
000000140008.jpg,[241.05573 245.7431  251.05753 253.92076]
000000140008.jpg,[236.99428 251.02643 243.18245 257.26834]
000000140008.jpg,[219.43039 246.98013 245.93762 261.70157]
000000140008.jpg,[207.96547 261.27945 220.01044 277.9022 ]
000000140008.jpg,[225.03444 246.83914 242.92793 256.97873]
000000140008.jpg,[191.80121 259.8041  214.14667 283.12302]
000000140008.jpg,[233.31995 248.76064 241.91011 258.22736]
000000140008.jpg,[215.81352 248.97296 238.01196 266.73206]
000000140008.jpg,[217.68916 257.9954  228.66002 270.1868 ]
000000140008.jpg,[229.45517 249.57175 238.35335 259.86627]
000000270799.jpg,[277.608   274.63693 408.65955 332.05453]
000000270799.jpg,[126.1482  234.60971 218.06494 284.39102]
000000270799.jpg,[209.01082 204.07849 380.25037 307.4919 ]
000000270799.jpg,[117.846245 229.96016  141.73138  252.77768 ]
000000204217.jpg,[540.1807  263.77722 639.1076  379.2236 ]
000000204217.jpg,[ 88.22628 249.73079 141.89616 307.2077 ]
000000204217.jpg,[320.3478  240.6363  544.91125 398.33545]
000000204217.jpg,[291.44705 252.63213 328.16754 274.84842]
000000204217.jpg,[177.6339  253.42583 204.6523  269.7443 ]
000000204217.jpg,[528.21344 266.3899  544.0081  285.49435]
000000204217.jpg,[268.1278  253.753   293.92175 265.856  ]
000000204217.jpg,[331.45587 253.47952 348.37912 266.60876]
000000204217.jpg,[270.10583 252.1641  313.91867 266.27188]
000000428301.jpg,[  0.68281376 242.66652    303.80692    421.934     ]
000000428301.jpg,[335.92462 262.66092 434.1076  345.43234]
000000428301.jpg,[211.69154 226.51288 351.80865 420.62332]
000000428301.jpg,[568.8094  226.24501 587.66144 243.23628]
000000428301.jpg,[395.98187 231.41145 448.90125 303.258  ]
000000428301.jpg,[378.30048 231.5241  498.20792 304.23166]
000000558528.jpg,[  0.      191.20102 287.31348 298.71323]
000000368409.jpg,[303.7759  278.1592  407.31155 359.22488]
000000368409.jpg,[395.65216 277.14294 550.3417  399.04968]
000000368409.jpg,[126.64613 264.03525 171.61821 284.92792]
000000368409.jpg,[146.18446 266.0433  210.35112 303.84122]
000000368409.jpg,[ 10.175841 259.73236   76.025734 301.04462 ]
000000368409.jpg,[370.01334 265.3763  388.0071  278.69098]
000000368409.jpg,[180.55487 265.1568  292.92148 311.6125 ]
000000399780.jpg,[233.16745 229.61064 301.0552  270.2295 ]
000000399780.jpg,[ 78.50439 256.66473 198.05206 317.2476 ]
000000399780.jpg,[9.006834e-02 2.868861e+02 8.348765e+01 3.476597e+02]
000000399780.jpg,[362.4559  189.81145 421.91254 226.00507]
000000399780.jpg,[410.47046 189.42508 424.2019  214.33029]
000000399780.jpg,[384.8454  189.15437 421.8654  217.58028]
000000171806.jpg,[314.43988 187.8653  479.80692 286.596  ]
000000171806.jpg,[457.95502 172.15767 592.5305  263.93542]
000000171806.jpg,[589.977   190.11317 640.      253.06828]
000000298162.jpg,[ 35.091537 469.83112  130.3282   497.97012 ]
000000298162.jpg,[125.30056 475.75385 177.4442  498.92578]
000000298162.jpg,[164.23364 476.20297 212.54726 498.41864]
000000298162.jpg,[263.43735 486.53433 294.30722 499.89105]
000000298162.jpg,[  0.       473.1624    22.017532 490.9922  ]
000000298162.jpg,[  0.5637028 458.8979     36.191982  486.7834   ]
000000298162.jpg,[260.24698 489.2271  282.82642 500.72055]
000000298162.jpg,[314.30133 493.4671  329.10416 502.1326 ]
000000298162.jpg,[260.8328  489.7249  272.5891  501.13907]
000000298162.jpg,[187.3374  477.35837 213.64333 494.88364]
000000333746.jpg,[460.55283 213.19044 499.59146 234.07903]
000000333746.jpg,[425.7736  212.55923 451.46634 232.04079]
000000333746.jpg,[412.2175  210.67601 422.7624  215.50702]
000000333746.jpg,[421.62753 209.52846 437.28583 215.40858]
000000333746.jpg,[406.25513 209.56494 413.0514  214.71904]
000000333746.jpg,[406.44397 210.1856  420.2331  215.55365]
000000333746.jpg,[463.30655 212.08981 492.43265 218.18573]
000000333746.jpg,[487.41455 217.59038 499.27838 234.08128]
000000333746.jpg,[  0.      297.1058  492.77426 372.14783]
000000336063.jpg,[567.3125  262.31958 639.4055  330.42276]
000000429688.jpg,[105.43219 182.183   200.52419 225.98082]
000000301373.jpg,[602.03735 310.7971  639.7965  456.8924 ]
000000301373.jpg,[245.37822 299.30017 273.49768 340.9347 ]
000000301373.jpg,[580.0279  284.13766 605.53723 329.85934]
000000301373.jpg,[591.2799  281.80652 636.9874  352.55603]
000000301373.jpg,[ 91.35942 274.78543 254.72905 385.52975]
000000301373.jpg,[568.8928  280.22086 587.35846 311.2202 ]
000000301373.jpg,[ 93.020226 284.87277  139.3979   318.78815 ]
000000301373.jpg,[535.9639  286.68777 548.7477  304.56223]
000000301373.jpg,[  2.7447493 223.98004    93.98559   429.82474  ]
000000301373.jpg,[533.6777  280.22824 556.2024  304.7763 ]
000000301373.jpg,[563.43994 277.12827 574.5915  285.0041 ]
000000301373.jpg,[269.4029  236.01761 420.31235 354.57196]
000000368840.jpg,[313.5991    74.616356 489.6843   142.75293 ]
000000368840.jpg,[ 0.6087719 68.277534   6.3603635 90.703285 ]
000000368840.jpg,[17.628784 61.7811   67.65133  77.31604 ]
000000560222.jpg,[349.7791  339.75568 384.96133 368.3432 ]
000000560222.jpg,[161.78487 335.19562 226.09738 374.66803]
000000560222.jpg,[292.31415 341.07358 309.83698 354.53372]
000000560222.jpg,[417.57028 334.17633 473.61887 379.2243 ]
000000560222.jpg,[324.67624 340.6937  340.16827 352.25607]
000000560222.jpg,[212.321   324.42596 256.81982 369.6516 ]
000000560222.jpg,[397.60666 337.77783 429.01978 364.96085]
000000560222.jpg,[257.04684 338.54712 269.6868  364.36227]
000000560222.jpg,[308.45602 341.49515 317.44678 352.38245]
000000560222.jpg,[378.97888 337.8883  390.44562 348.9823 ]
000000560222.jpg,[393.02814 341.64282 402.108   362.16718]
000000560222.jpg,[316.21167 339.71423 325.059   350.5064 ]
000000560222.jpg,[308.9334  340.50934 323.14493 351.26804]
000000560222.jpg,[291.0702  340.66257 324.3794  353.4084 ]
000000560222.jpg,[414.5398  339.9463  429.99228 370.8416 ]
000000136900.jpg,[ 92.970146 266.06256  134.04092  308.91156 ]
000000136900.jpg,[  0.      279.54767  20.00325 311.14224]
000000136900.jpg,[525.0793  247.31703 538.24365 258.82224]
000000330677.jpg,[331.37994 200.43506 402.9469  234.88416]
000000330677.jpg,[286.24686 200.44937 364.0595  265.06415]
000000330677.jpg,[573.9865  200.4597  639.9085  251.15413]
000000330677.jpg,[417.7384  195.82106 456.07663 229.47485]
000000330677.jpg,[452.5107  209.63927 633.57684 282.33188]
000000330677.jpg,[536.0891  212.21112 637.2783  285.2622 ]
000000296540.jpg,[321.71582 159.01114 389.69174 201.49236]
000000296540.jpg,[371.14514 154.22885 430.93582 194.36505]
000000296540.jpg,[223.16133 160.23894 311.13342 211.68494]
000000296540.jpg,[363.35904 198.50005 480.      343.0293 ]
000000296540.jpg,[390.5363  142.92508 438.74915 173.76842]
000000135467.jpg,[365.91296 157.4175  533.3504  249.69669]
000000135467.jpg,[226.60149 155.90283 376.64188 235.75601]
000000135467.jpg,[ 41.499725 149.1477   163.78072  298.7499  ]
000000135467.jpg,[ 51.237087 149.568    321.0265   293.81537 ]
000000135467.jpg,[222.82571 216.77524 515.5687  421.62024]
000000135467.jpg,[244.84557 157.46521 507.13538 245.05263]
000000330053.jpg,[402.24188 177.74036 568.393   290.4322 ]
000000330053.jpg,[521.7305   57.71222 573.8143   86.00592]
000000330053.jpg,[343.1747   113.613304 427.87344  178.119   ]
000000330053.jpg,[367.1518  137.82391 469.4984  216.0274 ]
000000330053.jpg,[603.67957  66.97067 639.99994 111.88762]
000000330053.jpg,[504.70328  84.51449 586.62366 136.15846]
000000330053.jpg,[345.69278   80.30512  410.72733  112.842834]
000000232031.jpg,[520.68365 249.5074  604.30585 281.06073]
000000232031.jpg,[  0.45680833 223.72083     50.0138     276.45056   ]
000000232031.jpg,[ 74.73856 214.75677 142.02742 282.98865]
000000232031.jpg,[625.9519  254.27151 639.99994 266.03885]
000000232031.jpg,[ 95.73178 191.91884 486.16376 343.80164]
000000232031.jpg,[604.4359  251.52522 615.0175  263.23267]
000000232031.jpg,[634.40765 255.12386 639.94586 267.0101 ]
000000166731.jpg,[ 62.38323 207.44046 121.79733 248.82115]
000000166731.jpg,[258.40585 196.04196 336.86432 252.37207]
000000166731.jpg,[  0.41465724 196.34131     24.816088   216.96883   ]
000000166731.jpg,[ 74.649284 200.51616   95.8891   211.50624 ]
000000166731.jpg,[331.17322 184.92654 370.641   221.41168]
000000067255.jpg,[267.3007  430.68448 291.81818 447.7144 ]
000000067255.jpg,[ 95.62119 430.48798 236.16151 479.15637]
000000067255.jpg,[222.27402 425.58804 251.38414 443.78418]
000000067255.jpg,[ 57.392277 427.1612   125.16432  453.12198 ]
000000067255.jpg,[246.6954  426.2508  280.71106 446.1247 ]
000000067255.jpg,[ 87.27118 437.37448 148.1843  478.3201 ]
000000067255.jpg,[238.15222 427.4349  251.92229 444.7082 ]
000000366517.jpg,[101.8698    35.777042 175.98978   63.039124]
000000366517.jpg,[420.9951    63.023342 586.17426  118.33549 ]
000000366517.jpg,[ 77.96969 221.6605  245.0761  304.57413]
000000366517.jpg,[304.45792   48.114857 448.8429   107.092064]
000000366517.jpg,[172.21667   37.273403 223.28532   54.045483]
000000366517.jpg,[290.34274 220.60811 592.705   278.5726 ]
000000366517.jpg,[ 81.78922  48.48483 109.28959  70.76722]
000000366517.jpg,[403.71472   40.500053 576.30023   75.52754 ]
000000562217.jpg,[277.03143 492.53226 417.10864 552.9939 ]
000000562217.jpg,[  1.1609358 520.018      86.41202   577.5553   ]
000000562217.jpg,[260.81433 497.40353 283.02704 524.3249 ]
000000426519.jpg,[499.32068 430.23547 640.      518.2641 ]
000000068152.jpg,[591.9856  216.34224 640.      259.61148]
000000068152.jpg,[413.53976 227.21895 535.7723  279.28705]
000000068152.jpg,[  0.       237.92726   43.062946 284.08264 ]
000000068152.jpg,[ 84.763374 232.57312  124.76412  258.2549  ]
000000068152.jpg,[ 16.56332  232.06734   89.695465 272.5752  ]
000000068152.jpg,[478.4287 217.3673 593.2182 271.3609]
000000068152.jpg,[577.53046 218.46016 619.8562  235.27873]
000000068152.jpg,[115.3736  228.1512  154.97609 250.16048]
000000068152.jpg,[428.07574 220.59846 448.50925 229.67508]
000000068152.jpg,[459.63654 215.68562 481.7086  227.30414]
000000068152.jpg,[549.72296 213.6659  593.6398  232.5419 ]
000000068152.jpg,[389.6493  255.47586 420.81436 281.90613]
000000068152.jpg,[443.8947  218.82626 460.05255 227.45268]
000000068152.jpg,[594.90625 211.64806 624.6804  220.02325]
000000068152.jpg,[149.12872 231.73065 167.37926 244.13646]
000000068152.jpg,[157.89966 232.38805 169.26047 244.10112]
000000068152.jpg,[624.7356  212.52467 639.7296  219.81398]
000000068152.jpg,[161.87611 231.25478 173.30928 242.06148]
000000068152.jpg,[625.24896 208.02917 640.      217.95935]
000000068152.jpg,[147.55165 231.43283 158.82324 244.81514]
000000068152.jpg,[632.33813 206.70901 640.      214.61195]
000000068152.jpg,[140.29538 232.1345  157.38571 247.39323]
000000068152.jpg,[594.6285  214.91075 624.97327 222.19223]
000000203257.jpg,[  2.225133 292.5686    97.152214 374.98032 ]
000000203257.jpg,[ 86.05143 174.84503 148.79968 226.18225]
000000203257.jpg,[137.8399  291.21106 245.04924 407.44833]
000000203257.jpg,[194.14264 175.39908 255.06874 223.6834 ]
000000203257.jpg,[ 57.485413  99.7073   104.757355 143.27946 ]
000000203257.jpg,[133.99147 142.72804 187.688   183.24486]
000000203257.jpg,[494.0288    18.399593 509.09677   32.282543]
000000203257.jpg,[216.84865 130.47878 266.00656 170.40884]
000000203257.jpg,[151.32426 199.62514 232.4663  279.515  ]
000000203257.jpg,[167.53586  112.905495 214.41553  154.49394 ]
000000203257.jpg,[625.86     48.03123 639.9443   76.43462]
000000203257.jpg,[142.71292  75.71808 170.17763 100.3413 ]
000000203257.jpg,[577.7509    39.474243 599.93384   54.97547 ]
000000203257.jpg,[261.18088  92.29685 296.20108 121.28187]
000000203257.jpg,[155.65714   57.994316 184.4633    80.73359 ]
000000203257.jpg,[204.30792  85.03335 245.32974 119.0272 ]
000000203257.jpg,[514.93604   16.441782 531.47107   29.005426]
000000203257.jpg,[234.57275  106.949554 275.19348  148.67747 ]
000000203257.jpg,[  0.       366.49176   72.505356 425.48834 ]
000000203257.jpg,[432.29733   27.958593 449.35394   43.534863]
000000203257.jpg,[400.89893  33.31444 418.2773   47.22921]
000000203257.jpg,[237.74721   69.47958  267.1889    96.282906]
000000203257.jpg,[603.45886   36.570057 620.52686   58.510033]
000000203257.jpg,[626.476     10.44485  639.6864    23.396526]
000000203257.jpg,[543.9342    11.074211 561.6373    25.52446 ]
000000203257.jpg,[361.8212    39.078156 381.01746   56.652004]
000000203257.jpg,[289.0863   62.01928 314.72226  84.98588]
000000203257.jpg,[271.9488    76.523254 301.6103   106.28713 ]
000000203257.jpg,[417.2184    29.594883 432.31406   44.471867]
000000203257.jpg,[256.76492  57.89411 282.5786   78.84969]
000000203257.jpg,[584.1657      1.4376295 602.98474    14.5478   ]
000000203257.jpg,[614.086     38.648827 636.1046    70.00152 ]
000000203257.jpg,[337.0977    37.290585 362.24582   62.227875]
000000203257.jpg,[237.0536    32.293774 267.37515   45.81186 ]
000000397701.jpg,[437.56934 157.02959 537.2582  237.01898]
000000397701.jpg,[  2.7998915 109.52451   328.40005   279.1735   ]
000000530282.jpg,[489.24695 216.84843 639.2828  354.48785]
000000530282.jpg,[ 92.54117 126.97272 604.4625  438.88873]
000000364491.jpg,[  0.      427.30386 158.60397 476.05914]
000000364491.jpg,[597.6198 399.283  638.9344 445.1742]
000000364491.jpg,[  0.       402.2857    69.634186 428.56976 ]
000000295329.jpg,[  0.      181.67155 161.83081 279.2595 ]
000000295329.jpg,[ 12.7354  127.35819 640.      480.     ]
000000005018.jpg,[210.01308   0.      467.7585   75.14373]
000000167695.jpg,[137.35716  43.55283 441.2422  162.49554]
000000167695.jpg,[126.057846 164.57378  227.75966  263.63696 ]
000000367484.jpg,[  0.       332.4538    40.033062 371.56116 ]
000000367484.jpg,[  2.263483 320.99933  275.54068  632.0836  ]
000000170393.jpg,[ 11.177495 143.75563  587.36456  354.1946  ]
000000394964.jpg,[558.51404 245.01578 640.      349.00842]
000000394964.jpg,[487.51608 239.31445 546.80084 273.9535 ]
000000394964.jpg,[ 56.83631  228.54883  118.736755 295.88495 ]
000000394964.jpg,[532.44415 239.08224 571.60583 277.534  ]
000000394964.jpg,[482.8706  269.5238  505.57285 324.1426 ]
000000394964.jpg,[ 33.686165 235.01233   57.830696 268.0077  ]
000000394964.jpg,[ 10.748103 242.2477    23.530664 273.22476 ]
000000394964.jpg,[1.0574048e-01 2.4070195e+02 4.7173443e+00 2.6068268e+02]
000000394964.jpg,[  9.291713 235.99472   59.698975 270.45584 ]
000000394964.jpg,[  0.48656574 240.22844      9.596161   260.7304    ]
000000430395.jpg,[  0.         6.869599 395.04123  290.4607  ]
000000427362.jpg,[ 60.02412 202.60173 154.49205 241.64073]
000000427362.jpg,[  0.      386.05338 240.86597 478.64627]
000000427362.jpg,[  0.      284.6108  319.12488 462.98856]
000000427362.jpg,[429.7332  195.8326  492.86435 238.09575]
000000427362.jpg,[  0.      201.88785  51.85372 243.39174]
000000427362.jpg,[301.47296 263.938   545.4537  388.2392 ]
000000427362.jpg,[137.90408 201.38362 165.61397 240.20319]
000000427362.jpg,[164.93285 187.633   186.4088  239.57664]
000000427362.jpg,[139.64291 191.90569 182.78372 238.62334]
000000427362.jpg,[145.01733 296.709   315.02554 347.68643]
000000427362.jpg,[146.63794 282.05063 382.46222 362.61688]
000000427362.jpg,[ 58.61917  197.7618   111.841064 214.70065 ]
000000427362.jpg,[ 77.83678 270.80527 496.41617 398.669  ]
000000202617.jpg,[ 73.0389  175.27307  99.13594 187.25694]
000000202617.jpg,[103.60398 176.34763 122.2922  187.74551]
000000202617.jpg,[ 21.397638 179.1343    35.42766  191.28447 ]
000000202617.jpg,[  0.98399  175.04663   16.111944 186.63731 ]
000000202617.jpg,[ 30.703157 183.57498   76.62301  233.51387 ]
000000202617.jpg,[  0.6108812 178.82687     8.643719  186.24284  ]
000000202617.jpg,[  1.3245779 173.67036    25.466885  189.50435  ]
000000302599.jpg,[ 66.891594 171.70917  515.878    283.75665 ]
000000107305.jpg,[463.60208 255.14256 587.3948  311.3335 ]
000000107305.jpg,[433.5277  249.74554 485.80048 283.12045]
000000107305.jpg,[ 82.650314 243.92596  152.07158  273.8405  ]
000000107305.jpg,[415.02747 249.05954 437.94022 261.8096 ]
000000107305.jpg,[150.60838 250.34076 168.30281 268.59964]
000000107305.jpg,[417.42395 248.55046 438.56506 255.1434 ]
000000107305.jpg,[ 12.141158 253.33507   26.555664 259.4979  ]
000000335521.jpg,[  1.631372 406.03958  230.0524   476.24515 ]
000000335521.jpg,[373.44162 397.00107 501.97693 476.63815]
000000335521.jpg,[509.62927 353.88165 570.42255 401.5583 ]
000000335521.jpg,[580.5929  336.3034  598.3633  356.66635]
000000335521.jpg,[268.23254 394.07495 395.74768 458.89035]
000000335521.jpg,[255.0528  441.4374  403.72797 477.63196]
000000335521.jpg,[127.50388 390.57828 250.63837 441.0756 ]
000000335521.jpg,[461.4269  372.71204 543.71735 437.6909 ]
000000335521.jpg,[243.18422 377.13263 345.77304 423.6944 ]
000000335521.jpg,[230.77875 389.3968  281.24805 430.93185]
000000335521.jpg,[436.00787 338.7282  478.04697 364.168  ]
000000335521.jpg,[473.30188 339.83954 496.84775 357.33395]
000000335521.jpg,[329.21475 355.04553 453.80157 399.93994]
000000335521.jpg,[552.1054  350.31104 570.01733 388.54874]
000000335521.jpg,[428.335   363.27423 458.59845 398.6582 ]
000000335521.jpg,[553.0378  348.45044 572.9792  365.51025]
000000335521.jpg,[328.51834 360.76837 379.54474 388.99057]
000000202112.jpg,[231.94269 225.32324 459.8995  319.96835]
000000202112.jpg,[ 43.371128 232.92662  274.26315  332.0981  ]
000000202112.jpg,[392.8367  241.51717 425.1177  255.7097 ]
000000327919.jpg,[588.7827  222.98238 640.      253.88135]
000000327919.jpg,[607.462   217.61522 625.3747  223.25789]
000000327919.jpg,[618.44226 220.5996  638.5085  225.2121 ]
000000327919.jpg,[612.1814  221.52908 639.9635  250.9177 ]
000000132954.jpg,[ 21.150791 173.8689   125.38546  248.99426 ]
000000132954.jpg,[116.199844 117.64484  186.2953   138.2524  ]
000000099425.jpg,[183.26703 191.46158 351.69485 328.94592]
000000236138.jpg,[532.5651  272.33524 569.5406  308.88394]
000000236138.jpg,[535.52673 270.17572 597.1172  305.1636 ]
000000236138.jpg,[533.1147  294.33118 542.29333 311.11942]
000000262987.jpg,[226.51411 245.19775 247.58472 258.04138]
000000262987.jpg,[278.4455  245.14206 294.15247 258.0834 ]
000000262987.jpg,[209.72571 248.29324 225.19106 258.48126]
000000262987.jpg,[ 59.423588 222.50302   75.72603  234.66275 ]
000000332461.jpg,[  6.1751046   6.482177  492.98547   363.66577  ]
000000332461.jpg,[39.425312 12.665471 93.46492  56.858383]
000000332461.jpg,[ 0.933581 14.207434 15.937712 32.79133 ]
000000332461.jpg,[18.431248 11.999658 43.616886 31.245195]
000000332461.jpg,[12.267573 16.585335 32.80248  32.190598]
000000335473.jpg,[  0.           0.43679237 218.20686     86.22228   ]
000000526301.jpg,[378.47357  66.18318 498.08365 106.91461]
000000526301.jpg,[408.07016  92.57495 496.49405 204.65747]
000000526301.jpg,[1.6995603e-01 1.0368772e+02 1.8636559e+02 3.6858090e+02]
000000526301.jpg,[ 49.88893   56.312527 490.6373   364.44717 ]
000000133680.jpg,[406.6381   96.71994 639.27203 269.8156 ]
000000133680.jpg,[ 54.240623 108.656235 233.26     229.40012 ]
000000133680.jpg,[222.54353   83.196014 396.49023  163.59134 ]
000000133680.jpg,[  0.47889972  69.010956   132.4012     119.26565   ]
000000467564.jpg,[391.96332 175.16345 445.39316 217.57527]
000000467564.jpg,[558.3822  143.78265 576.5223  155.15773]
000000467564.jpg,[502.4754  139.72836 519.9091  151.47203]
000000467564.jpg,[417.6547  235.12276 498.74927 291.01038]
000000467564.jpg,[535.1303  128.39612 547.03015 137.0625 ]
000000467564.jpg,[459.33527 221.63992 501.32434 248.29031]
000000467564.jpg,[504.63455 134.23097 524.90875 150.19025]
000000467564.jpg,[346.92444 168.44008 382.7377  198.50148]
000000467564.jpg,[ 47.112247 224.3756   272.38666  359.7399  ]
000000467564.jpg,[560.52466 141.50417 574.57916 149.24014]
000000467564.jpg,[533.8459  130.74121 544.77484 138.44417]
000000467564.jpg,[568.0981  134.46951 581.462   141.7982 ]
000000467564.jpg,[436.36823 233.93991 486.73764 267.37097]
000000467564.jpg,[484.12402 138.89214 498.0571  156.27554]
000000467564.jpg,[579.3054  158.7014  589.2152  166.81073]
000000499760.jpg,[ 14.199154  32.689632 635.28564  570.      ]
000000269975.jpg,[363.07892 259.14294 387.11243 287.01956]
000000269975.jpg,[289.0577  250.44395 353.53256 301.52924]
000000269975.jpg,[379.79718 249.70442 462.24344 297.46127]
000000269975.jpg,[507.09735 251.18277 552.86475 283.4656 ]
000000269975.jpg,[570.7499  254.78642 592.3666  280.08365]
000000269975.jpg,[570.78455 252.95074 593.15076 262.91592]
000000328382.jpg,[  0.6994815 219.56277   122.12565   332.62885  ]
000000328382.jpg,[460.5226  242.50122 640.      328.7918 ]
000000328382.jpg,[125.47717 152.26436 215.90439 221.83037]
000000328382.jpg,[453.9873  162.13019 636.16516 207.63976]
000000328382.jpg,[  0.5184002 108.24397    71.135666  152.0699   ]
000000328382.jpg,[ 69.8989   97.54174 172.71034 134.66022]
000000328382.jpg,[469.03574 208.89429 639.2419  260.25662]
000000328382.jpg,[453.11118 145.70816 548.4138  178.69048]
000000328382.jpg,[189.30675 123.3298  216.53833 166.28658]
000000328382.jpg,[404.58682  89.98088 419.40076 124.03131]
000000328382.jpg,[511.77182 137.6508  619.0447  163.2008 ]
000000328382.jpg,[459.14096 104.97535 563.63434 135.19455]
000000328382.jpg,[457.26703 118.91002 610.95026 155.00558]
000000328382.jpg,[237.78784   24.342115 252.1094    30.242823]
000000328382.jpg,[449.26892 190.35616 637.8732  246.17302]
000000328382.jpg,[458.96777 115.2643  595.7611  139.32274]
000000170072.jpg,[529.45496 203.99931 640.      280.32278]
000000170072.jpg,[  5.886083 210.30711   94.44485  260.36932 ]
000000170072.jpg,[174.43777 195.36584 303.96    243.57054]
000000170072.jpg,[363.9787  196.75946 524.3382  255.19122]
000000170072.jpg,[471.81998 212.45995 579.5764  273.91727]
000000329684.jpg,[ 42.0741  518.2063   95.73713 553.0892 ]
000000329684.jpg,[ 85.63229 514.7294  125.67853 546.9213 ]
000000329684.jpg,[  0.      518.60834  47.7038  560.59235]
000000329684.jpg,[128.45084 515.3031  146.3418  539.1607 ]
000000329684.jpg,[116.36125 514.0629  144.28217 540.9585 ]
000000329684.jpg,[ 97.17883  507.2775   117.115685 515.8272  ]
000000329684.jpg,[117.437675 511.84354  134.74066  515.65765 ]
000000329684.jpg,[264.01303 522.7884  281.67972 534.0156 ]
000000328487.jpg,[  1.1640222 301.86426   125.27784   429.65326  ]
000000328487.jpg,[236.66823 262.8359  284.10422 313.16446]
000000328487.jpg,[207.44466 268.70132 218.61078 280.03067]
000000233711.jpg,[599.34753  35.52791 639.33185  62.53119]
000000233711.jpg,[441.68555 121.33234 541.13666 205.42503]
000000233711.jpg,[475.07407 160.05324 639.18005 272.4912 ]
000000233711.jpg,[587.7888    23.787113 617.69635   54.090927]
000000233711.jpg,[436.1384   98.32389 501.08817 151.76398]
000000233711.jpg,[419.16827  66.77898 482.94864 100.24917]
000000106419.jpg,[18.981054 71.47294  49.352463 95.775276]
000000494202.jpg,[137.8713  126.05078 267.08167 200.94174]
000000566278.jpg,[  0.9877954 281.21695    19.758322  290.29636  ]
000000566278.jpg,[109.73484 183.93692 475.9921  377.5759 ]
000000465638.jpg,[473.96576 157.21478 483.09454 164.84357]
000000465638.jpg,[430.34174 148.33621 463.27347 172.92871]
000000465638.jpg,[206.109   180.87898 300.67282 212.0112 ]
000000397859.jpg,[585.88855 136.92154 639.8435  280.20572]
000000397859.jpg,[107.14315 131.30937 282.4808  275.03412]
000000397859.jpg,[  0.      115.65365  68.77425 272.73672]
000000397859.jpg,[372.7498  134.29189 525.54333 282.56525]
000000397859.jpg,[ 30.141666 115.038574 117.97158  217.58632 ]
000000397859.jpg,[124.14587 135.09235 506.24005 291.45566]
000000397859.jpg,[558.79205 158.19371 605.1202  244.84616]
000000234293.jpg,[ 22.898426 278.0975   104.98571  327.48657 ]
000000234293.jpg,[ 90.505844 268.5346   133.80214  313.02322 ]
000000234293.jpg,[  0.9947743 317.34668   640.        422.41934  ]
000000433286.jpg,[411.1563     8.105995 432.7093    26.813295]
000000433286.jpg,[397.9889      5.6030297 416.18997    23.979965 ]
000000433286.jpg,[475.4739      1.2617226 571.83984    63.417152 ]
000000433286.jpg,[364.05603     5.2851267 378.33716    12.886097 ]
000000433286.jpg,[349.05722    9.02456  356.87787   13.818604]
000000433286.jpg,[357.79535    8.980795 365.339     13.795336]
000000331057.jpg,[ 52.699776  41.973003 126.05846   83.435486]
000000331057.jpg,[118.15681   41.409927 197.34618   88.3801  ]
000000331057.jpg,[549.6511  122.74156 640.      191.43378]
000000331057.jpg,[ 0.       25.012062 29.487455 52.52843 ]
000000331057.jpg,[233.73645   43.652344 317.78293   87.718025]
000000331057.jpg,[430.4187  113.82228 583.0437  227.32684]
000000331057.jpg,[24.052145 35.02908  70.4171   63.63088 ]
000000331057.jpg,[531.373   85.6537 633.0094 137.2713]
000000331057.jpg,[296.6085   73.60627 380.51352 136.31628]
000000331057.jpg,[465.3446   79.60492 580.9289  141.41306]
000000331057.jpg,[403.01996  76.73344 518.05585 126.4779 ]
000000331057.jpg,[467.92172  58.58152 537.669    84.76457]
000000331057.jpg,[197.0705    32.35508  237.19553   57.761898]
000000331057.jpg,[335.2078    41.934654 424.21738   78.191475]
000000331057.jpg,[394.19437  77.78831 616.7302  135.49063]
000000331057.jpg,[439.26526   53.869095 464.90833   77.620544]
000000331057.jpg,[174.94078  41.69899 205.51256  73.42666]
000000331057.jpg,[ 78.85415   26.143957 134.07277   53.097824]
000000331057.jpg,[ 15.902135 100.273796 610.5465   411.77872 ]
000000331057.jpg,[400.95105  42.5895  442.50052  77.3951 ]
000000331057.jpg,[292.51315   41.844086 329.2062    71.42976 ]
000000331057.jpg,[42.876335 26.390001 79.03824  42.190773]
000000331057.jpg,[229.00153   35.035984 261.1425    49.207176]
000000072284.jpg,[  0.          6.7413425 632.8852    276.5682   ]
000000072284.jpg,[  0.        45.164288 613.3822   487.1441  ]
000000072284.jpg,[325.16025   16.069923 640.       275.19232 ]
000000566038.jpg,[146.78893    2.619309 437.39166  100.53152 ]
000000566038.jpg,[  0.       76.89984 480.      370.4164 ]
000000496673.jpg,[366.50983 182.16759 490.4583  223.54582]
000000496673.jpg,[386.10876 183.41261 461.9317  209.64249]
000000363581.jpg,[522.4067  160.92421 639.15936 210.72934]
000000363581.jpg,[617.78326 202.22559 639.20667 234.25868]
000000368087.jpg,[279.7456  420.8408  353.51764 457.2243 ]
000000368087.jpg,[213.43877 426.62433 227.50124 448.51077]
000000368087.jpg,[587.2789  430.26996 609.35236 446.9705 ]
000000368087.jpg,[225.42583 425.96622 252.63522 451.37357]
000000368087.jpg,[276.25006 426.2825  290.39844 439.16852]
000000368087.jpg,[140.26704 422.62842 159.23865 435.53442]
000000368087.jpg,[522.86206 430.68176 536.64716 445.6647 ]
000000368087.jpg,[ 88.565956 414.2541   125.13746  463.21036 ]
000000368087.jpg,[277.28024 423.96426 297.38696 433.2351 ]
000000368087.jpg,[542.36884 422.56125 558.6779  430.3313 ]
000000368087.jpg,[559.6626  422.95767 567.68286 426.32037]
000000368087.jpg,[265.7761  422.53116 279.12616 433.91995]
000000368087.jpg,[140.61227 419.73495 161.60541 428.53128]
000000368087.jpg,[555.1652  426.3184  567.09076 431.293  ]
000000368087.jpg,[191.38039 425.61926 227.32364 448.12585]
000000131678.jpg,[606.7276  294.82242 639.98895 324.39328]
000000235380.jpg,[451.28693 268.54736 494.48694 288.7288 ]
000000235380.jpg,[308.54767 275.2822  375.2484  336.49628]
000000235380.jpg,[235.55142 277.57004 336.71844 360.43765]
000000235380.jpg,[  4.8671  278.85434 265.3304  429.71564]
000000235380.jpg,[ 23.260502 279.5978   100.14634  322.6522  ]
000000235380.jpg,[384.64676 270.1121  401.61868 280.42072]
000000235380.jpg,[493.7744 267.9113 511.9424 288.9321]
000000235380.jpg,[370.31738 269.1727  384.4098  278.69   ]
000000235380.jpg,[ 10.244764 286.85284   32.112785 328.0986  ]
000000235380.jpg,[437.956   270.05246 448.8959  281.4532 ]
000000235380.jpg,[409.77206 270.43304 428.51425 280.9137 ]
000000235380.jpg,[439.3551  275.25153 451.51575 281.26245]
000000235380.jpg,[427.50354 270.31073 437.892   281.3359 ]
000000235380.jpg,[400.1555  271.67322 412.25977 280.79837]
000000235380.jpg,[428.89978 272.6553  448.23785 281.49097]
000000235380.jpg,[427.801   274.786   438.62366 280.3558 ]
000000235380.jpg,[370.32507 269.68427 431.35532 281.1457 ]
000000235380.jpg,[436.433   274.17734 448.56668 280.27527]
000000497608.jpg,[ 13.3618765 361.5254     25.191895  366.5381   ]
000000495752.jpg,[350.06058 203.92818 371.8619  220.14755]
000000495752.jpg,[303.37802 201.91798 322.88412 215.51205]
000000494574.jpg,[211.13652 531.88934 478.2562  638.80707]
000000494574.jpg,[  0.      382.41782  30.9465  396.89108]
000000494574.jpg,[229.89421 379.531   304.1152  431.79648]
000000494574.jpg,[  2.654471 361.89328  252.7915   514.3536  ]
000000494574.jpg,[208.50885 399.22977 235.35687 416.7264 ]
000000171536.jpg,[207.80655 101.49684 236.24335 125.3212 ]
000000171536.jpg,[ 61.83773 103.76401 100.39727 150.24818]
000000171536.jpg,[257.31873  91.42554 326.30933 154.19763]
000000171536.jpg,[ 86.68219  98.8512  145.5484  152.03009]
000000171536.jpg,[130.47276   97.541885 146.14093  136.68913 ]
000000171536.jpg,[ 63.592358 105.79453   78.96537  116.93516 ]
000000171536.jpg,[ 61.740936 105.39893  100.78239  128.41916 ]
000000402212.jpg,[  0.64692414 272.25876     55.457394   418.10632   ]
000000402212.jpg,[593.0007  176.35344 639.1613  380.95737]
000000264676.jpg,[ 67.10442 101.80963 126.25431 155.75854]
000000264676.jpg,[ 38.036434  82.97602   76.078415 105.71003 ]
000000264676.jpg,[557.82855 147.33376 640.      260.32416]
000000264676.jpg,[144.29517   77.44042  170.41504   96.414085]
000000264676.jpg,[ 93.20254   83.618286 136.38753  106.566414]
000000264676.jpg,[23.67286 67.87211 35.73858 78.89497]
000000264676.jpg,[37.3249   62.379333 57.987022 82.46923 ]
000000264676.jpg,[543.9417   69.72219 638.8896  143.0823 ]
000000264676.jpg,[146.39772  78.6066  206.24078  98.85332]
000000264676.jpg,[ 89.79279   28.881372 553.94586  312.46448 ]
000000264676.jpg,[72.90909  66.0798   86.121956 88.069336]
000000264676.jpg,[627.2084  119.93112 639.7252  150.47522]
000000433826.jpg,[464.02298 308.9119  478.47    314.6615 ]
000000433826.jpg,[483.47668 309.41635 505.62997 315.92935]
000000433826.jpg,[467.8036  309.06317 478.36115 312.83194]
000000433826.jpg,[445.25217 309.3987  459.6537  315.30707]
000000433826.jpg,[159.6335  334.23688 247.1375  355.57526]
000000074853.jpg,[539.6005  154.11581 639.8894  221.136  ]
000000074853.jpg,[481.125   159.79335 542.3853  202.10991]
000000074853.jpg,[630.83014 154.52028 639.7376  178.52069]
000000074853.jpg,[617.9403  155.19354 638.42145 167.14249]
000000105374.jpg,[357.55112 318.5743  427.      524.60895]
000000105374.jpg,[351.65024 263.4295  427.      321.34198]
000000070408.jpg,[  0.      381.63126 137.63113 421.89856]
000000003590.jpg,[223.80797 191.66023 272.99316 223.61511]
000000003590.jpg,[209.5752  182.66243 233.39894 195.30774]
000000003590.jpg,[418.81247 177.45161 437.26022 186.67877]
000000170700.jpg,[366.55914 367.05606 620.6845  475.76175]
000000170700.jpg,[338.665   334.6604  449.0995  394.46698]
000000170700.jpg,[443.16278 339.64066 487.9648  375.05017]
000000170700.jpg,[442.37735 342.36993 552.6155  379.62494]
000000500575.jpg,[177.03897 209.93703 263.0736  273.54977]
000000500575.jpg,[376.3236  202.83934 429.46692 259.1422 ]
000000466451.jpg,[  4.128663 111.73417  200.48787  228.8752  ]
000000466451.jpg,[ 44.57727 117.47034 608.7662  420.89954]
000000466451.jpg,[576.4999   124.714516 639.8599   201.67085 ]
000000466451.jpg,[  0.29366893 109.09093     15.621468   160.9233    ]
000000466451.jpg,[615.5106  129.5125  640.      206.22087]
000000431555.jpg,[372.23785 204.76288 427.90564 233.4211 ]
000000431555.jpg,[349.06494 193.87221 387.51892 225.67856]
000000431555.jpg,[231.25526 202.11949 240.90492 215.10432]
000000431555.jpg,[1.1883067e-01 2.1424597e+02 2.4841799e+01 2.3979201e+02]
000000196773.jpg,[555.71423 292.39923 639.4146  443.45905]
000000236486.jpg,[378.41745 118.69847 441.4811  153.5499 ]
000000236486.jpg,[ 83.08502  80.70692 152.46625 140.07158]
000000236486.jpg,[431.6332    79.287025 479.77933  164.68498 ]
000000236486.jpg,[217.63232 110.0412  234.34358 132.96194]
000000236486.jpg,[ 21.928743  78.97543  144.90552  139.81369 ]
000000266363.jpg,[257.57358 190.712   280.53445 212.46706]
000000266363.jpg,[243.0123  192.55045 251.39354 209.5071 ]
000000266363.jpg,[282.62186 186.32549 300.76794 217.52814]
000000266363.jpg,[273.86594 195.61621 284.90552 216.12122]
000000266363.jpg,[295.80838 174.87912 337.67636 224.6711 ]
000000266363.jpg,[328.07175 175.8701  361.      232.49736]
000000266363.jpg,[243.42575 191.7181  258.37338 209.99184]
000000262191.jpg,[ 65.13721  279.08038  115.800446 307.7105  ]
000000262191.jpg,[ 15.6209755 284.34378    50.74589   301.51392  ]
000000262191.jpg,[107.61469 276.44598 120.44976 285.01947]
000000262191.jpg,[ 53.180573 285.5072    65.07054  296.0882  ]
000000262191.jpg,[ 47.436626 283.78748   63.413624 296.4325  ]
000000262191.jpg,[ 38.95435  278.09805   53.891552 283.126   ]
000000269160.jpg,[434.12527 203.18445 637.8896  408.24396]
000000269160.jpg,[  1.9945157 222.14706   199.84349   420.4363   ]
000000006562.jpg,[551.18463 344.30374 638.2559  428.3665 ]
000000300476.jpg,[361.06277 132.25282 498.38242 247.04724]
000000300476.jpg,[ 64.86811 163.41393  96.37849 243.77773]
000000300476.jpg,[202.31126 186.04071 216.54578 212.25116]
000000300476.jpg,[  5.302794  14.874415 380.23657  365.3655  ]
000000300476.jpg,[229.78972 191.98114 236.5178  202.89162]
000000200447.jpg,[494.24164 342.26755 522.45074 386.5282 ]
000000328348.jpg,[123.93276     2.5446215 341.74304    77.043    ]
000000328348.jpg,[  0.5430713  14.446707  103.16787    82.91282  ]
000000328348.jpg,[ 0.       50.159397 26.007374 86.38701 ]
000000328348.jpg,[ 17.69023   32.094128 610.3956   377.00156 ]
000000491881.jpg,[494.75903 229.58215 614.26886 286.92365]
000000491881.jpg,[374.3542  223.21419 509.27768 298.4644 ]
000000400178.jpg,[237.7722  300.68594 371.96164 498.09085]
000000565675.jpg,[396.57025 222.75732 434.1335  226.90799]
000000565675.jpg,[584.3641  218.22699 621.33057 225.07478]
000000565675.jpg,[552.69037 223.8262  578.7117  234.35907]
000000565675.jpg,[570.5356  232.84145 579.344   246.21855]
000000565675.jpg,[618.6674  220.35188 637.12354 224.44101]
000000565675.jpg,[559.8079  225.17926 578.463   238.10733]
000000565675.jpg,[603.9965  218.94244 621.8718  224.24695]
000000565675.jpg,[305.27835 227.67409 325.6747  247.85065]
000000565675.jpg,[578.26575 226.25885 637.3007  247.0793 ]
000000564936.jpg,[ 0.4383148 60.429764  37.372105  81.935    ]
000000564936.jpg,[ 0.10696711 58.21973    15.3074045  67.21284   ]
000000558570.jpg,[450.9068  129.73492 637.5643  206.46002]
000000558570.jpg,[504.4984   123.486305 540.49884  152.44685 ]
000000495310.jpg,[593.9632  212.3725  639.22345 278.03906]
000000495310.jpg,[572.5848  184.49281 639.131   222.86955]
000000495310.jpg,[  2.1358457  80.316895  339.10666   423.86136  ]
000000495310.jpg,[328.61743 200.88431 345.60455 206.91232]
000000367509.jpg,[308.58194 116.38907 358.55484 146.1168 ]
000000367509.jpg,[341.79492 153.27515 507.43784 239.37524]
000000367509.jpg,[209.00284  121.894455 265.82703  137.94485 ]
000000367509.jpg,[228.98325  122.133286 255.94492  137.21146 ]
000000368626.jpg,[130.71529 343.09552 149.148   353.76712]
000000368626.jpg,[104.38399 346.5727  128.18515 354.13785]
000000368626.jpg,[236.81923 347.09988 252.22913 353.4524 ]
000000430690.jpg,[428.54895 243.65207 478.97156 275.1824 ]
000000430690.jpg,[336.40903 244.03442 353.46182 255.37642]
000000430690.jpg,[345.40695 251.24046 402.23343 289.2005 ]
000000430690.jpg,[405.75922 242.28932 440.39438 269.7582 ]
000000430690.jpg,[389.78137 242.14272 414.23053 264.77844]
000000430690.jpg,[376.5652  240.76031 394.3519  250.84038]
000000430690.jpg,[278.48062 240.49095 288.41293 250.25934]
000000528019.jpg,[2.9552160e-02 1.9161429e+02 4.4066677e+01 2.0690907e+02]
000000528019.jpg,[ 59.60171 140.87604 584.198   404.7952 ]
000000102599.jpg,[ 97.1431  111.84923 156.78296 134.82803]
000000102599.jpg,[461.42102 120.77024 476.8859  139.76625]
000000102599.jpg,[  0.58087945 130.03522     31.099535   165.66171   ]
000000102599.jpg,[  0.      155.8937  103.64905 179.1315 ]
000000102599.jpg,[  0.       156.01497   31.187443 179.12459 ]
000000330516.jpg,[  0.       132.43242   56.297974 169.2122  ]
000000330516.jpg,[  0.      159.45195  49.53063 236.0915 ]
000000330516.jpg,[290.40256 133.17458 410.68042 178.57146]
000000330516.jpg,[ 59.467926 136.69586  205.64162  179.74922 ]
000000330516.jpg,[250.3077  132.82672 339.1804  175.80623]
000000330516.jpg,[148.987   123.5077  259.84323 170.90225]
000000330516.jpg,[386.31247 135.31133 638.09454 207.12244]
000000330516.jpg,[125.75784 129.71924 154.32794 137.62526]
000000460461.jpg,[139.21324 191.47227 197.4364  212.10736]
000000460461.jpg,[300.4823  189.42792 361.11703 209.58463]
000000203680.jpg,[596.204   288.83917 638.55164 315.7298 ]
000000533311.jpg,[ 63.64362 200.62248 109.45442 231.239  ]
000000533311.jpg,[107.87322 205.3077  129.54196 224.91728]
000000533311.jpg,[118.89202 205.88373 130.6217  224.77545]
000000102405.jpg,[  1.206022 190.8497    69.66371  213.70479 ]
000000102405.jpg,[460.3302  130.43112 581.4738  199.40886]
000000102405.jpg,[383.9614  149.44955 448.42612 177.26366]
000000102405.jpg,[326.6475  157.60965 358.59494 180.88965]
000000102405.jpg,[252.04218 165.9621  271.45715 181.83258]
000000102405.jpg,[345.4667  153.87747 374.23053 171.68692]
000000102405.jpg,[365.32962 149.62865 385.17102 169.05058]
000000102405.jpg,[  0.5665854 175.44579    36.066906  198.70557  ]
000000102405.jpg,[339.92926 155.08095 365.3743  174.51093]
000000526514.jpg,[ 98.46217 245.1488  143.31679 270.5115 ]
000000526514.jpg,[291.90396 259.31122 409.98978 309.1698 ]
000000526514.jpg,[150.29054 252.78587 194.78828 276.18976]
000000526514.jpg,[ 71.66365 248.0276   98.56651 265.1985 ]
000000526514.jpg,[  0.      242.51332 135.57375 426.138  ]
000000526514.jpg,[ 33.517906 258.65448   83.44825  288.2895  ]
000000526514.jpg,[ 27.745792 247.9393    53.901634 258.0156  ]
000000526514.jpg,[ 60.390526 247.02362   74.944016 265.4465  ]
000000526514.jpg,[210.90175 258.55316 229.34273 279.6216 ]
000000526514.jpg,[211.55544 258.66663 228.64555 269.666  ]
000000526514.jpg,[485.4572  220.31796 635.64465 308.9062 ]
000000526514.jpg,[ 53.036575 246.00488   64.37597  256.02884 ]
000000264828.jpg,[ 76.65775 246.25508 124.35788 267.55276]
000000264828.jpg,[190.04733 246.6145  206.16212 258.47015]
000000264828.jpg,[302.00583 246.61    319.06317 254.93832]
000000431152.jpg,[184.36993 254.85286 247.33604 303.42496]
000000431152.jpg,[256.03464 253.4736  281.65646 279.78247]
000000431152.jpg,[172.49535 256.65005 195.34164 290.19403]
000000431152.jpg,[279.3313  246.4386  340.4274  288.15167]
000000431152.jpg,[244.7079  253.10643 257.52307 274.38956]
000000431152.jpg,[234.01709 253.03923 249.8117  271.07346]
000000431152.jpg,[255.27226 254.33081 267.8064  276.8636 ]
000000431152.jpg,[237.04836 253.45137 265.7063  274.79056]
000000431152.jpg,[134.72345 241.91946 157.4189  255.93538]
000000431152.jpg,[162.64536 242.6558  188.92552 272.1159 ]
000000328978.jpg,[430.59637  73.20662 483.9074  136.32278]
000000328978.jpg,[320.89368  94.83359 336.0989  126.34107]
000000328978.jpg,[387.21213  70.94226 481.41687 131.03223]
000000170754.jpg,[269.17126 220.65971 319.4777  244.19653]
000000170754.jpg,[312.60455 227.71048 332.93652 242.3597 ]
000000330455.jpg,[281.76862 273.46738 478.53256 417.50964]
000000330455.jpg,[283.03125 229.10661 338.13797 269.26917]
000000330455.jpg,[501.36255 219.2257  527.96826 242.70776]
000000330455.jpg,[316.46268 236.92764 380.87817 285.51755]
000000330455.jpg,[263.08594 222.75377 286.4133  254.8826 ]
000000330455.jpg,[355.8307  222.61751 392.22092 242.88417]
000000330455.jpg,[365.84604 259.73474 452.44028 286.79733]
000000330455.jpg,[284.372   223.11557 313.97348 233.8249 ]
000000330455.jpg,[283.73804 224.03041 314.82578 242.95898]
000000330455.jpg,[276.28384 223.4012  317.03577 254.22565]
000000332877.jpg,[358.06287 122.15409 466.45993 215.34756]
000000332877.jpg,[514.5064  125.85035 639.6091  246.50056]
000000332877.jpg,[224.2851  108.27401 319.93015 190.14609]
000000332877.jpg,[209.75517 112.12414 245.32564 152.05154]
000000332877.jpg,[ 88.14976 121.76653 102.72867 145.05865]
000000332877.jpg,[ 71.103615 118.22616  103.18632  145.20337 ]
000000332877.jpg,[314.90567  116.020134 345.69208  144.96088 ]
000000332877.jpg,[116.58267  112.184494 133.12097  122.79624 ]
000000332877.jpg,[149.04189 116.8168  167.40263 124.39621]
000000332877.jpg,[167.151   113.01288 178.06682 119.27079]
000000332877.jpg,[145.80725  113.66181  175.73532  124.883125]
000000332877.jpg,[199.65169  113.146706 217.92911  127.53328 ]
000000332877.jpg,[314.42416  114.79376  341.80835  126.424904]
000000332877.jpg,[153.49574 113.25669 167.3052  119.21588]
000000203870.jpg,[121.88789 363.24228 168.81554 376.7781 ]
000000203870.jpg,[  0.      376.21066 170.07524 435.64502]
000000203870.jpg,[268.91302 348.11975 278.9508  361.36737]
000000203870.jpg,[1.2691793e-01 3.6498563e+02 4.4872475e+01 3.8584525e+02]
000000203870.jpg,[302.8098  351.8329  313.78348 360.2371 ]
000000203870.jpg,[152.9864  354.96777 186.59708 368.4084 ]
000000203870.jpg,[316.92368 350.90863 331.06387 360.20035]
000000203870.jpg,[334.23425 350.46518 346.25113 359.79483]
000000203870.jpg,[349.85696 349.40665 394.30585 358.9116 ]
000000203870.jpg,[292.2861  349.18478 298.58575 360.13864]
000000203870.jpg,[ 25.142757 368.94107   53.277252 378.9092  ]
000000203870.jpg,[349.1805  350.40805 396.38168 365.98605]
000000203870.jpg,[324.0591  348.9667  331.32626 360.55148]
000000203870.jpg,[328.82642 348.20166 337.70047 358.60016]
000000203870.jpg,[328.30576 348.70486 344.32993 359.50293]
000000203870.jpg,[361.37445 350.49918 384.66992 357.2984 ]
000000203870.jpg,[292.06442 353.65457 297.52527 360.10703]
000000203870.jpg,[350.9983  348.6336  363.13086 356.41803]
000000491830.jpg,[ 41.953285 435.85352   83.87306  466.56067 ]
000000491830.jpg,[1.8987826e-01 4.3104324e+02 4.9156441e+01 4.6967374e+02]
000000491830.jpg,[222.90425 447.29953 354.54498 479.26193]
000000491830.jpg,[340.2881  444.7259  399.1769  478.67575]
000000491830.jpg,[230.42291 398.78384 249.56581 410.3624 ]
000000491830.jpg,[228.87811 423.36252 281.96075 460.44513]
000000491830.jpg,[256.714   434.996   336.1225  450.62527]
000000491830.jpg,[1.1366382e-01 4.0490622e+02 1.9112196e+01 4.2364313e+02]
000000491830.jpg,[371.6259  439.17126 408.15866 471.8523 ]
000000491830.jpg,[234.55608 428.7109  324.1192  457.14667]
000000562708.jpg,[514.4597  253.62541 530.55225 262.18512]
000000562708.jpg,[609.81287 256.59573 626.81085 269.0651 ]
000000562708.jpg,[ 86.154625 230.86336  170.88832  319.78372 ]
000000562708.jpg,[158.9432  246.55833 210.3218  292.8322 ]
000000562708.jpg,[200.7055  248.35349 224.84906 279.5314 ]
000000562708.jpg,[452.26324 251.5314  471.07184 264.8698 ]
000000562708.jpg,[411.19608 256.25656 422.53256 268.1346 ]
000000562708.jpg,[624.29285 250.1098  638.1763  260.714  ]
000000562708.jpg,[433.43857 254.23546 452.28137 266.05777]
000000562708.jpg,[418.86703 254.90894 434.86273 267.0208 ]
000000562708.jpg,[591.67175 266.6635  617.4158  286.76755]
000000562708.jpg,[484.0104  253.81015 496.57043 262.18884]
000000562708.jpg,[598.0888  262.60278 616.8631  273.52463]
000000562708.jpg,[489.36484 251.74454 504.11566 262.068  ]
000000562708.jpg,[538.4338  252.97058 558.1589  260.03296]
000000562708.jpg,[575.13995 251.09267 584.3894  256.98706]
000000562708.jpg,[568.458   249.65071 575.9948  256.00778]
000000562708.jpg,[414.30014 255.05722 426.43762 267.75043]
000000562708.jpg,[420.3602  253.71106 460.78772 266.2131 ]
000000562708.jpg,[565.3439  249.6419  583.3079  256.68274]
000000562708.jpg,[631.47003 249.57855 639.5696  260.67944]
000000562708.jpg,[413.9949  238.26215 428.90692 249.69386]
000000562708.jpg,[561.018   249.64062 576.92194 256.04825]
000000562708.jpg,[538.2393  252.91724 546.7059  259.65848]
000000167273.jpg,[339.06943 459.6391  426.6931  543.5538 ]
000000167273.jpg,[252.56639 386.44662 308.48016 429.67062]
000000267802.jpg,[116.4471  258.6457  180.18748 296.25357]
000000267802.jpg,[304.08908 248.33687 432.81015 315.4998 ]
000000267802.jpg,[193.28722 264.36975 222.17366 300.24548]
000000267802.jpg,[201.34987 255.79204 222.74426 268.3642 ]
000000267802.jpg,[ 51.426857 259.4824    71.60728  280.49384 ]
000000267802.jpg,[ 46.95819 243.94557  71.71964 258.66858]
000000264268.jpg,[  0.      307.81943 624.64154 477.02603]
000000264268.jpg,[294.2266  177.5631  313.00613 198.32114]
000000264268.jpg,[205.8994  180.37971 219.62944 187.0546 ]
000000264268.jpg,[272.52975 171.70187 295.57513 190.45638]
000000270004.jpg,[332.21112   31.050299 375.        67.21188 ]
000000270004.jpg,[297.15952  23.53464 314.15073  49.29054]
000000270004.jpg,[357.83905   23.902018 373.91684   31.690592]
000000270004.jpg,[309.74698   19.270245 355.63208   61.19266 ]
